File,LipidClass,LipidSpecies,Adduct,Label,CCS
C12-C13_undiluted_PASEF_pos_1_Y-C2_1_3566.d,AcCa,AcCa 16:1,[M+H],light,208.47
C12-C13_undiluted_PASEF_pos_1_Y-C2_1_3566.d,AcCa,AcCa 16:1,[M+H],heavy,208.95
C12-C13_undiluted_PASEF_pos_1_Y-C2_1_3566.d,Cer,Cer 34:0;2,[M+H],light,259.41
C12-C13_undiluted_PASEF_pos_1_Y-C2_1_3566.d,Cer,Cer 34:0;2,[M+Na],light,254.71
C12-C13_undiluted_PASEF_pos_1_Y-C2_1_3566.d,Cer,Cer 34:0;2,[M+H],heavy,259.03
C12-C13_undiluted_PASEF_pos_1_Y-C2_1_3566.d,Cer,Cer 34:0;2,[M+Na],heavy,256.58
C12-C13_undiluted_PASEF_pos_1_Y-C2_1_3566.d,Cer,Cer 34:1;2,[M+H],light,257.48
C12-C13_undiluted_PASEF_pos_1_Y-C2_1_3566.d,Cer,Cer 34:1;2,[M+Na],light,252.22
C12-C13_undiluted_PASEF_pos_1_Y-C2_1_3566.d,Cer,Cer 34:1;2,[M+H],heavy,256.55
C12-C13_undiluted_PASEF_pos_1_Y-C2_1_3566.d,Cer,Cer 34:1;2,[M+Na],heavy,253.54
C12-C13_undiluted_PASEF_pos_1_Y-C2_1_3566.d,Cer,Cer 34:2;2,[M+H],light,257.51
C12-C13_undiluted_PASEF_pos_1_Y-C2_1_3566.d,Cer,Cer 34:1;3,[M+Na],light,256.23
C12-C13_undiluted_PASEF_pos_1_Y-C2_1_3566.d,Cer,Cer 34:1;3,[M+H],heavy,261.66
C12-C13_undiluted_PASEF_pos_1_Y-C2_1_3566.d,Cer,Cer 34:1;3,[M+Na],heavy,258.12
C12-C13_undiluted_PASEF_pos_1_Y-C2_1_3566.d,Cer,Cer 34:2;3,[M+Na],light,252.63
C12-C13_undiluted_PASEF_pos_1_Y-C2_1_3566.d,Cer,Cer 34:2;3,[M+H],heavy,256.13
C12-C13_undiluted_PASEF_pos_1_Y-C2_1_3566.d,Cer,Cer 34:2;3,[M+Na],heavy,252.86
C12-C13_undiluted_PASEF_pos_1_Y-C2_1_3566.d,Cer,Cer 36:0;2,[M+H],light,265.48
C12-C13_undiluted_PASEF_pos_1_Y-C2_1_3566.d,Cer,Cer 36:0;2,[M+Na],light,262.48
C12-C13_undiluted_PASEF_pos_1_Y-C2_1_3566.d,Cer,Cer 36:0;2,[M+H],heavy,265.67
C12-C13_undiluted_PASEF_pos_1_Y-C2_1_3566.d,Cer,Cer 36:0;2,[M+Na],heavy,262.13
C12-C13_undiluted_PASEF_pos_1_Y-C2_1_3566.d,Cer,Cer 36:1;2,[M+H],light,263.56
C12-C13_undiluted_PASEF_pos_1_Y-C2_1_3566.d,Cer,Cer 36:1;2,[M+Na],light,259.44
C12-C13_undiluted_PASEF_pos_1_Y-C2_1_3566.d,Cer,Cer 36:1;2,[M+H],heavy,263.19
C12-C13_undiluted_PASEF_pos_1_Y-C2_1_3566.d,Cer,Cer 36:1;2,[M+Na],heavy,259.66
C12-C13_undiluted_PASEF_pos_1_Y-C2_1_3566.d,Cer,Cer 36:2;2,[M+H],light,262.75
C12-C13_undiluted_PASEF_pos_1_Y-C2_1_3566.d,Cer,Cer 36:2;2,[M+Na],light,256.68
C12-C13_undiluted_PASEF_pos_1_Y-C2_1_3566.d,Cer,Cer 36:2;2,[M+H],heavy,265.98
C12-C13_undiluted_PASEF_pos_1_Y-C2_1_3566.d,Cer,Cer 36:2;2,[M+Na],heavy,257.45
C12-C13_undiluted_PASEF_pos_1_Y-C2_1_3566.d,Cer,Cer 36:0;3,[M+H],light,266.7
C12-C13_undiluted_PASEF_pos_1_Y-C2_1_3566.d,Cer,Cer 36:0;3,[M+Na],light,264.26
C12-C13_undiluted_PASEF_pos_1_Y-C2_1_3566.d,Cer,Cer 36:0;3,[M+H],heavy,268.01
C12-C13_undiluted_PASEF_pos_1_Y-C2_1_3566.d,Cer,Cer 36:0;3,[M+Na],heavy,263.38
C12-C13_undiluted_PASEF_pos_1_Y-C2_1_3566.d,Cer,Cer 36:1;3,[M+H],light,267.28
C12-C13_undiluted_PASEF_pos_1_Y-C2_1_3566.d,Cer,Cer 36:1;3,[M+Na],light,261.51
C12-C13_undiluted_PASEF_pos_1_Y-C2_1_3566.d,Cer,Cer 36:1;3,[M+H],heavy,267.47
C12-C13_undiluted_PASEF_pos_1_Y-C2_1_3566.d,Cer,Cer 36:1;3,[M+Na],heavy,264.78
C12-C13_undiluted_PASEF_pos_1_Y-C2_1_3566.d,Cer,Cer 36:2;3,[M+H],light,263.69
C12-C13_undiluted_PASEF_pos_1_Y-C2_1_3566.d,Cer,Cer 36:2;3,[M+Na],light,259.03
C12-C13_undiluted_PASEF_pos_1_Y-C2_1_3566.d,Cer,Cer 36:2;3,[M+H],heavy,263.89
C12-C13_undiluted_PASEF_pos_1_Y-C2_1_3566.d,Cer,Cer 36:2;3,[M+Na],heavy,260.09
C12-C13_undiluted_PASEF_pos_1_Y-C2_1_3566.d,Cer,Cer 44:0;4,[M+H],light,293.38
C12-C13_undiluted_PASEF_pos_1_Y-C2_1_3566.d,Cer,Cer 44:0;4,[M+Na],light,294.31
C12-C13_undiluted_PASEF_pos_1_Y-C2_1_3566.d,Cer,Cer 44:0;4,[M+H],heavy,295.24
C12-C13_undiluted_PASEF_pos_1_Y-C2_1_3566.d,Cer,Cer 44:0;4,[M+Na],heavy,294.27
C12-C13_undiluted_PASEF_pos_1_Y-C2_1_3566.d,Co,Co Q8,[M+NH4],light,278.05
C12-C13_undiluted_PASEF_pos_1_Y-C2_1_3566.d,Co,Co Q8,[M+Na],light,275.82
C12-C13_undiluted_PASEF_pos_1_Y-C2_1_3566.d,Co,Co Q8,[M+NH4],heavy,278.57
C12-C13_undiluted_PASEF_pos_1_Y-C2_1_3566.d,Co,Co Q8,[M+Na],heavy,275.79
C12-C13_undiluted_PASEF_pos_1_Y-C2_1_3566.d,DG,DG 32:1,[M+NH4],light,256.98
C12-C13_undiluted_PASEF_pos_1_Y-C2_1_3566.d,DG,DG 32:1,[M+Na],light,253.32
C12-C13_undiluted_PASEF_pos_1_Y-C2_1_3566.d,DG,DG 32:1,[M+NH4],heavy,257.48
C12-C13_undiluted_PASEF_pos_1_Y-C2_1_3566.d,DG,DG 32:1,[M+Na],heavy,254.94
C12-C13_undiluted_PASEF_pos_1_Y-C2_1_3566.d,DG,DG 32:2,[M+NH4],light,254.22
C12-C13_undiluted_PASEF_pos_1_Y-C2_1_3566.d,DG,DG 32:2,[M+Na],light,251.39
C12-C13_undiluted_PASEF_pos_1_Y-C2_1_3566.d,DG,DG 32:2,[M+NH4],heavy,255.55
C12-C13_undiluted_PASEF_pos_1_Y-C2_1_3566.d,DG,DG 32:2,[M+Na],heavy,253.29
C12-C13_undiluted_PASEF_pos_1_Y-C2_1_3566.d,DG,DG 33:2,[M+NH4],light,257.7
C12-C13_undiluted_PASEF_pos_1_Y-C2_1_3566.d,DG,DG 33:2,[M+Na],light,255.15
C12-C13_undiluted_PASEF_pos_1_Y-C2_1_3566.d,DG,DG 33:2,[M+NH4],heavy,257.64
C12-C13_undiluted_PASEF_pos_1_Y-C2_1_3566.d,DG,DG 33:2,[M+Na],heavy,256.49
C12-C13_undiluted_PASEF_pos_1_Y-C2_1_3566.d,DG,DG 34:1,[M+NH4],light,263.1
C12-C13_undiluted_PASEF_pos_1_Y-C2_1_3566.d,DG,DG 34:1,[M+Na],light,261.66
C12-C13_undiluted_PASEF_pos_1_Y-C2_1_3566.d,DG,DG 34:1,[M+NH4],heavy,264.7
C12-C13_undiluted_PASEF_pos_1_Y-C2_1_3566.d,DG,DG 34:1,[M+Na],heavy,261.89
C12-C13_undiluted_PASEF_pos_1_Y-C2_1_3566.d,DG,DG 34:2,[M+NH4],light,261.73
C12-C13_undiluted_PASEF_pos_1_Y-C2_1_3566.d,DG,DG 34:2,[M+Na],light,259.18
C12-C13_undiluted_PASEF_pos_1_Y-C2_1_3566.d,DG,DG 34:2,[M+NH4],heavy,261.95
C12-C13_undiluted_PASEF_pos_1_Y-C2_1_3566.d,DG,DG 34:2,[M+Na],heavy,258.59
C12-C13_undiluted_PASEF_pos_1_Y-C2_1_3566.d,DG,DG 34:3 - 1,[M+NH4],light,255.64
C12-C13_undiluted_PASEF_pos_1_Y-C2_1_3566.d,DG,DG 34:3 - 1,[M+Na],light,254.2
C12-C13_undiluted_PASEF_pos_1_Y-C2_1_3566.d,DG,DG 34:3 - 1,[M+NH4],heavy,255.31
C12-C13_undiluted_PASEF_pos_1_Y-C2_1_3566.d,DG,DG 34:3 - 1,[M+Na],heavy,256.66
C12-C13_undiluted_PASEF_pos_1_Y-C2_1_3566.d,DG,DG 34:3 - 2,[M+NH4],light,256.75
C12-C13_undiluted_PASEF_pos_1_Y-C2_1_3566.d,DG,DG 34:3 - 2,[M+Na],light,256.43
C12-C13_undiluted_PASEF_pos_1_Y-C2_1_3566.d,DG,DG 34:3 - 2,[M+NH4],heavy,259.48
C12-C13_undiluted_PASEF_pos_1_Y-C2_1_3566.d,DG,DG 34:3 - 2,[M+Na],heavy,256.66
C12-C13_undiluted_PASEF_pos_1_Y-C2_1_3566.d,DG,DG 34:4,[M+NH4],light,252.88
C12-C13_undiluted_PASEF_pos_1_Y-C2_1_3566.d,DG,DG 34:4,[M+Na],light,251.16
C12-C13_undiluted_PASEF_pos_1_Y-C2_1_3566.d,DG,DG 34:4,[M+NH4],heavy,252
C12-C13_undiluted_PASEF_pos_1_Y-C2_1_3566.d,DG,DG 34:4,[M+Na],heavy,252.79
C12-C13_undiluted_PASEF_pos_1_Y-C2_1_3566.d,DG,DG 35:1,[M+NH4],light,266.57
C12-C13_undiluted_PASEF_pos_1_Y-C2_1_3566.d,DG,DG 35:1,[M+Na],light,264.31
C12-C13_undiluted_PASEF_pos_1_Y-C2_1_3566.d,DG,DG 35:1,[M+NH4],heavy,267.9
C12-C13_undiluted_PASEF_pos_1_Y-C2_1_3566.d,DG,DG 35:1,[M+Na],heavy,265.09
C12-C13_undiluted_PASEF_pos_1_Y-C2_1_3566.d,DG,DG 35:2,[M+NH4],light,263.26
C12-C13_undiluted_PASEF_pos_1_Y-C2_1_3566.d,DG,DG 35:2,[M+Na],light,260.45
C12-C13_undiluted_PASEF_pos_1_Y-C2_1_3566.d,DG,DG 35:2,[M+NH4],heavy,262.38
C12-C13_undiluted_PASEF_pos_1_Y-C2_1_3566.d,DG,DG 35:2,[M+Na],heavy,262.34
C12-C13_undiluted_PASEF_pos_1_Y-C2_1_3566.d,DG,DG 35:3,[M+NH4],light,257.18
C12-C13_undiluted_PASEF_pos_1_Y-C2_1_3566.d,DG,DG 35:3,[M+Na],light,257.97
C12-C13_undiluted_PASEF_pos_1_Y-C2_1_3566.d,DG,DG 35:3,[M+NH4],heavy,257.69
C12-C13_undiluted_PASEF_pos_1_Y-C2_1_3566.d,DG,DG 35:3,[M+Na],heavy,257.1
C12-C13_undiluted_PASEF_pos_1_Y-C2_1_3566.d,DG,DG 35:4,[M+NH4],light,255.53
C12-C13_undiluted_PASEF_pos_1_Y-C2_1_3566.d,DG,DG 35:4,[M+Na],light,255.49
C12-C13_undiluted_PASEF_pos_1_Y-C2_1_3566.d,DG,DG 35:4,[M+NH4],heavy,256.04
C12-C13_undiluted_PASEF_pos_1_Y-C2_1_3566.d,DG,DG 35:4,[M+Na],heavy,256.83
C12-C13_undiluted_PASEF_pos_1_Y-C2_1_3566.d,DG,DG 36:1,[M+NH4],light,269.76
C12-C13_undiluted_PASEF_pos_1_Y-C2_1_3566.d,DG,DG 36:1,[M+Na],light,268.61
C12-C13_undiluted_PASEF_pos_1_Y-C2_1_3566.d,DG,DG 36:1,[M+NH4],heavy,270.26
C12-C13_undiluted_PASEF_pos_1_Y-C2_1_3566.d,DG,DG 36:1,[M+Na],heavy,269.4
C12-C13_undiluted_PASEF_pos_1_Y-C2_1_3566.d,DG,DG 36:2,[M+NH4],light,267.01
C12-C13_undiluted_PASEF_pos_1_Y-C2_1_3566.d,DG,DG 36:2,[M+Na],light,263.37
C12-C13_undiluted_PASEF_pos_1_Y-C2_1_3566.d,DG,DG 36:2,[M+NH4],heavy,267.79
C12-C13_undiluted_PASEF_pos_1_Y-C2_1_3566.d,DG,DG 36:2,[M+Na],heavy,265.27
C12-C13_undiluted_PASEF_pos_1_Y-C2_1_3566.d,DG,DG 36:3,[M+NH4],light,261.49
C12-C13_undiluted_PASEF_pos_1_Y-C2_1_3566.d,DG,DG 36:3,[M+Na],light,262.28
C12-C13_undiluted_PASEF_pos_1_Y-C2_1_3566.d,DG,DG 36:3,[M+NH4],heavy,263.11
C12-C13_undiluted_PASEF_pos_1_Y-C2_1_3566.d,DG,DG 36:3,[M+Na],heavy,264.73
C12-C13_undiluted_PASEF_pos_1_Y-C2_1_3566.d,DG,DG 36:4,[M+NH4],light,257.35
C12-C13_undiluted_PASEF_pos_1_Y-C2_1_3566.d,DG,DG 36:4,[M+Na],light,258.42
C12-C13_undiluted_PASEF_pos_1_Y-C2_1_3566.d,DG,DG 36:4,[M+NH4],heavy,258.42
C12-C13_undiluted_PASEF_pos_1_Y-C2_1_3566.d,DG,DG 36:4,[M+Na],heavy,260.87
C12-C13_undiluted_PASEF_pos_1_Y-C2_1_3566.d,DG,DG 36:5,[M+NH4],light,253.76
C12-C13_undiluted_PASEF_pos_1_Y-C2_1_3566.d,DG,DG 36:5,[M+Na],light,255.94
C12-C13_undiluted_PASEF_pos_1_Y-C2_1_3566.d,DG,DG 36:5,[M+NH4],heavy,255.66
C12-C13_undiluted_PASEF_pos_1_Y-C2_1_3566.d,DG,DG 36:5,[M+Na],heavy,257.57
C12-C13_undiluted_PASEF_pos_1_Y-C2_1_3566.d,DG,DG 36:6,[M+NH4],light,252.11
C12-C13_undiluted_PASEF_pos_1_Y-C2_1_3566.d,DG,DG 36:6,[M+Na],light,253.18
C12-C13_undiluted_PASEF_pos_1_Y-C2_1_3566.d,DG,DG 36:6,[M+NH4],heavy,252.35
C12-C13_undiluted_PASEF_pos_1_Y-C2_1_3566.d,DG,DG 36:6,[M+Na],heavy,254.25
C12-C13_undiluted_PASEF_pos_1_Y-C2_1_3566.d,DG,DG 39:0,[M+NH4],light,287.84
C12-C13_undiluted_PASEF_pos_1_Y-C2_1_3566.d,DG,DG 39:0,[M+NH4],heavy,289.44
C12-C13_undiluted_PASEF_pos_1_Y-C2_1_3566.d,DG,DG 40:0,[M+NH4],light,289.93
C12-C13_undiluted_PASEF_pos_1_Y-C2_1_3566.d,DG,DG 40:0,[M+NH4],heavy,293.16
C12-C13_undiluted_PASEF_pos_1_Y-C2_1_3566.d,HexCer,HexCer 34:2;3,[M+H],light,284.04
C12-C13_undiluted_PASEF_pos_1_Y-C2_1_3566.d,HexCer,HexCer 34:2;3,[M+Na],light,282.23
C12-C13_undiluted_PASEF_pos_1_Y-C2_1_3566.d,HexCer,HexCer 34:2;3,[M+H],heavy,284.3
C12-C13_undiluted_PASEF_pos_1_Y-C2_1_3566.d,HexCer,HexCer 34:2;3,[M+Na],heavy,284.43
C12-C13_undiluted_PASEF_pos_1_Y-C2_1_3566.d,HexCer,HexCer 36:1;3,[M+H],light,290.68
C12-C13_undiluted_PASEF_pos_1_Y-C2_1_3566.d,HexCer,HexCer 36:1;3,[M+Na],light,291.89
C12-C13_undiluted_PASEF_pos_1_Y-C2_1_3566.d,HexCer,HexCer 36:1;3,[M+H],heavy,290.94
C12-C13_undiluted_PASEF_pos_1_Y-C2_1_3566.d,HexCer,HexCer 36:1;3,[M+Na],heavy,291.35
C12-C13_undiluted_PASEF_pos_1_Y-C2_1_3566.d,HexCer,HexCer 36:2;3 - 1,[M+H],light,289.6
C12-C13_undiluted_PASEF_pos_1_Y-C2_1_3566.d,HexCer,HexCer 36:2;3 - 1,[M+H],heavy,291.5
C12-C13_undiluted_PASEF_pos_1_Y-C2_1_3566.d,HexCer,HexCer 36:2;3 - 2,[M+H],light,290.69
C12-C13_undiluted_PASEF_pos_1_Y-C2_1_3566.d,HexCer,HexCer 36:2;3 - 2,[M+Na],light,290.54
C12-C13_undiluted_PASEF_pos_1_Y-C2_1_3566.d,HexCer,HexCer 36:2;3 - 2,[M+H],heavy,291.23
C12-C13_undiluted_PASEF_pos_1_Y-C2_1_3566.d,HexCer,HexCer 36:2;3 - 2,[M+Na],heavy,290.27
C12-C13_undiluted_PASEF_pos_1_Y-C2_1_3566.d,HexCer,HexCer 37:2;3,[M+H],light,291.69
C12-C13_undiluted_PASEF_pos_1_Y-C2_1_3566.d,HexCer,HexCer 37:2;3,[M+Na],light,292.09
C12-C13_undiluted_PASEF_pos_1_Y-C2_1_3566.d,HexCer,HexCer 37:2;3,[M+H],heavy,291.95
C12-C13_undiluted_PASEF_pos_1_Y-C2_1_3566.d,HexCer,HexCer 37:2;3,[M+Na],heavy,292.37
C12-C13_undiluted_PASEF_pos_1_Y-C2_1_3566.d,LPC,LPC 16:0,[M+H],light,230.55
C12-C13_undiluted_PASEF_pos_1_Y-C2_1_3566.d,LPC,LPC 16:0,[M+H],heavy,229.42
C12-C13_undiluted_PASEF_pos_1_Y-C2_1_3566.d,LPC,LPC 16:1,[M+H],light,225.79
C12-C13_undiluted_PASEF_pos_1_Y-C2_1_3566.d,LPC,LPC 16:1,[M+H],heavy,226.63
C12-C13_undiluted_PASEF_pos_1_Y-C2_1_3566.d,LPC,LPC 18:0,[M+H],light,237.24
C12-C13_undiluted_PASEF_pos_1_Y-C2_1_3566.d,LPC,LPC 18:0,[M+H],heavy,238.36
C12-C13_undiluted_PASEF_pos_1_Y-C2_1_3566.d,LPC,LPC 18:1,[M+H],light,234.46
C12-C13_undiluted_PASEF_pos_1_Y-C2_1_3566.d,LPC,LPC 18:1,[M+Na],light,235.62
C12-C13_undiluted_PASEF_pos_1_Y-C2_1_3566.d,LPC,LPC 18:1,[M+H],heavy,235.02
C12-C13_undiluted_PASEF_pos_1_Y-C2_1_3566.d,LPC,LPC 18:2,[M+H],light,228.02
C12-C13_undiluted_PASEF_pos_1_Y-C2_1_3566.d,LPC,LPC 18:2,[M+Na],light,230.87
C12-C13_undiluted_PASEF_pos_1_Y-C2_1_3566.d,LPC,LPC 18:2,[M+H],heavy,228.86
C12-C13_undiluted_PASEF_pos_1_Y-C2_1_3566.d,LPC,LPC 18:2,[M+Na],heavy,230.33
C12-C13_undiluted_PASEF_pos_1_Y-C2_1_3566.d,LPC,LPC 18:3,[M+H],light,222.69
C12-C13_undiluted_PASEF_pos_1_Y-C2_1_3566.d,LPC,LPC 18:3,[M+Na],light,227.52
C12-C13_undiluted_PASEF_pos_1_Y-C2_1_3566.d,LPC,LPC 18:3,[M+H],heavy,223.26
C12-C13_undiluted_PASEF_pos_1_Y-C2_1_3566.d,LPC,LPC 18:3,[M+Na],heavy,227.26
C12-C13_undiluted_PASEF_pos_1_Y-C2_1_3566.d,LPE,LPE 18:2,[M+H],light,211.86
C12-C13_undiluted_PASEF_pos_1_Y-C2_1_3566.d,LPE,LPE 18:2,[M+H],heavy,211.59
C12-C13_undiluted_PASEF_pos_1_Y-C2_1_3566.d,PA,PA 34:1,[M+NH4],light,273.2
C12-C13_undiluted_PASEF_pos_1_Y-C2_1_3566.d,PA,PA 34:1,[M+Na],light,269.3
C12-C13_undiluted_PASEF_pos_1_Y-C2_1_3566.d,PA,PA 34:1,[M+NH4],heavy,274.31
C12-C13_undiluted_PASEF_pos_1_Y-C2_1_3566.d,PA,PA 34:1,[M+Na],heavy,270.69
C12-C13_undiluted_PASEF_pos_1_Y-C2_1_3566.d,PA,PA 34:2,[M+NH4],light,269.63
C12-C13_undiluted_PASEF_pos_1_Y-C2_1_3566.d,PA,PA 34:2,[M+Na],light,268.21
C12-C13_undiluted_PASEF_pos_1_Y-C2_1_3566.d,PA,PA 34:2,[M+NH4],heavy,270.19
C12-C13_undiluted_PASEF_pos_1_Y-C2_1_3566.d,PA,PA 34:2,[M+Na],heavy,268.78
C12-C13_undiluted_PASEF_pos_1_Y-C2_1_3566.d,PA,PA 34:3,[M+NH4],light,266.88
C12-C13_undiluted_PASEF_pos_1_Y-C2_1_3566.d,PA,PA 34:3,[M+NH4],heavy,268.27
C12-C13_undiluted_PASEF_pos_1_Y-C2_1_3566.d,PA,PA 35:2,[M+NH4],light,273.66
C12-C13_undiluted_PASEF_pos_1_Y-C2_1_3566.d,PA,PA 35:2,[M+NH4],heavy,275.59
C12-C13_undiluted_PASEF_pos_1_Y-C2_1_3566.d,PA,PA 36:1,[M+NH4],light,280.7
C12-C13_undiluted_PASEF_pos_1_Y-C2_1_3566.d,PA,PA 36:1,[M+NH4],heavy,282.07
C12-C13_undiluted_PASEF_pos_1_Y-C2_1_3566.d,PA,PA 36:2,[M+NH4],light,276.86
C12-C13_undiluted_PASEF_pos_1_Y-C2_1_3566.d,PA,PA 36:2,[M+Na],light,278.2
C12-C13_undiluted_PASEF_pos_1_Y-C2_1_3566.d,PA,PA 36:2,[M+NH4],heavy,276.59
C12-C13_undiluted_PASEF_pos_1_Y-C2_1_3566.d,PA,PA 36:2,[M+Na],heavy,276.56
C12-C13_undiluted_PASEF_pos_1_Y-C2_1_3566.d,PA,PA 36:3,[M+NH4],light,271.64
C12-C13_undiluted_PASEF_pos_1_Y-C2_1_3566.d,PA,PA 36:3,[M+NH4],heavy,273.31
C12-C13_undiluted_PASEF_pos_1_Y-C2_1_3566.d,PA,PA 36:4,[M+NH4],light,271.38
C12-C13_undiluted_PASEF_pos_1_Y-C2_1_3566.d,PA,PA 36:4,[M+NH4],heavy,269.46
C12-C13_undiluted_PASEF_pos_1_Y-C2_1_3566.d,PA,PA 36:4,[M+Na],heavy,282.08
C12-C13_undiluted_PASEF_pos_1_Y-C2_1_3566.d,PA,PA 36:5,[M+NH4],light,265.88
C12-C13_undiluted_PASEF_pos_1_Y-C2_1_3566.d,PA,PA 36:5,[M+NH4],heavy,266.72
C12-C13_undiluted_PASEF_pos_1_Y-C2_1_3566.d,PC,PC 32:0,[M+H],light,287.46
C12-C13_undiluted_PASEF_pos_1_Y-C2_1_3566.d,PC,PC 32:0,[M+H],heavy,288.01
C12-C13_undiluted_PASEF_pos_1_Y-C2_1_3566.d,PC,PC 32:1,[M+H],light,283.08
C12-C13_undiluted_PASEF_pos_1_Y-C2_1_3566.d,PC,PC 32:1,[M+Na],light,285.67
C12-C13_undiluted_PASEF_pos_1_Y-C2_1_3566.d,PC,PC 32:1,[M+H],heavy,284.18
C12-C13_undiluted_PASEF_pos_1_Y-C2_1_3566.d,PC,PC 32:1,[M+Na],heavy,287.33
C12-C13_undiluted_PASEF_pos_1_Y-C2_1_3566.d,PC,PC 32:2,[M+H],light,280.35
C12-C13_undiluted_PASEF_pos_1_Y-C2_1_3566.d,PC,PC 32:2,[M+Na],light,281.57
C12-C13_undiluted_PASEF_pos_1_Y-C2_1_3566.d,PC,PC 32:2,[M+H],heavy,280.9
C12-C13_undiluted_PASEF_pos_1_Y-C2_1_3566.d,PC,PC 32:2,[M+Na],heavy,281.87
C12-C13_undiluted_PASEF_pos_1_Y-C2_1_3566.d,PC,PC 32:3,[M+H],light,277.07
C12-C13_undiluted_PASEF_pos_1_Y-C2_1_3566.d,PC,PC 32:3,[M+Na],light,278.57
C12-C13_undiluted_PASEF_pos_1_Y-C2_1_3566.d,PC,PC 32:3,[M+H],heavy,276.8
C12-C13_undiluted_PASEF_pos_1_Y-C2_1_3566.d,PC,PC 32:3,[M+Na],heavy,280.51
C12-C13_undiluted_PASEF_pos_1_Y-C2_1_3566.d,PC,PC 32:4,[M+H],light,273.23
C12-C13_undiluted_PASEF_pos_1_Y-C2_1_3566.d,PC,PC 32:4,[M+Na],light,275.55
C12-C13_undiluted_PASEF_pos_1_Y-C2_1_3566.d,PC,PC 32:4,[M+H],heavy,273.79
C12-C13_undiluted_PASEF_pos_1_Y-C2_1_3566.d,PC,PC 32:4,[M+Na],heavy,278.05
C12-C13_undiluted_PASEF_pos_1_Y-C2_1_3566.d,PC,PC 32:5,[M+H],light,271.59
C12-C13_undiluted_PASEF_pos_1_Y-C2_1_3566.d,PC,PC 32:5,[M+H],heavy,270.77
C12-C13_undiluted_PASEF_pos_1_Y-C2_1_3566.d,PC,PC 33:1,[M+H],light,287.1
C12-C13_undiluted_PASEF_pos_1_Y-C2_1_3566.d,PC,PC 33:1,[M+Na],light,288.32
C12-C13_undiluted_PASEF_pos_1_Y-C2_1_3566.d,PC,PC 33:1,[M+H],heavy,286.28
C12-C13_undiluted_PASEF_pos_1_Y-C2_1_3566.d,PC,PC 33:1,[M+Na],heavy,289.16
C12-C13_undiluted_PASEF_pos_1_Y-C2_1_3566.d,PC,PC 33:2,[M+H],light,282.45
C12-C13_undiluted_PASEF_pos_1_Y-C2_1_3566.d,PC,PC 33:2,[M+H],heavy,283.55
C12-C13_undiluted_PASEF_pos_1_Y-C2_1_3566.d,PC,PC 33:2,[M+Na],heavy,286.98
C12-C13_undiluted_PASEF_pos_1_Y-C2_1_3566.d,PC,PC 33:3,[M+H],light,280.27
C12-C13_undiluted_PASEF_pos_1_Y-C2_1_3566.d,PC,PC 33:3,[M+H],heavy,281.1
C12-C13_undiluted_PASEF_pos_1_Y-C2_1_3566.d,PC,PC 33:3,[M+Na],heavy,283.43
C12-C13_undiluted_PASEF_pos_1_Y-C2_1_3566.d,PC,PC 33:4,[M+H],light,275.88
C12-C13_undiluted_PASEF_pos_1_Y-C2_1_3566.d,PC,PC 33:4,[M+Na],light,278.21
C12-C13_undiluted_PASEF_pos_1_Y-C2_1_3566.d,PC,PC 33:4,[M+H],heavy,277.27
C12-C13_undiluted_PASEF_pos_1_Y-C2_1_3566.d,PC,PC 33:4,[M+Na],heavy,278.23
C12-C13_undiluted_PASEF_pos_1_Y-C2_1_3566.d,PC,PC 33:5,[M+H],light,275.62
C12-C13_undiluted_PASEF_pos_1_Y-C2_1_3566.d,PC,PC 33:5,[M+H],heavy,273.16
C12-C13_undiluted_PASEF_pos_1_Y-C2_1_3566.d,PC,PC 34:1,[M+H],light,288.37
C12-C13_undiluted_PASEF_pos_1_Y-C2_1_3566.d,PC,PC 34:1,[M+H],heavy,290.57
C12-C13_undiluted_PASEF_pos_1_Y-C2_1_3566.d,PC,PC 34:1,[M+Na],heavy,293.17
C12-C13_undiluted_PASEF_pos_1_Y-C2_1_3566.d,PC,PC 34:2,[M+H],light,286.47
C12-C13_undiluted_PASEF_pos_1_Y-C2_1_3566.d,PC,PC 34:2,[M+Na],light,290.43
C12-C13_undiluted_PASEF_pos_1_Y-C2_1_3566.d,PC,PC 34:2,[M+H],heavy,286.75
C12-C13_undiluted_PASEF_pos_1_Y-C2_1_3566.d,PC,PC 34:2,[M+Na],heavy,290.18
C12-C13_undiluted_PASEF_pos_1_Y-C2_1_3566.d,PC,PC 34:3,[M+H],light,282.64
C12-C13_undiluted_PASEF_pos_1_Y-C2_1_3566.d,PC,PC 34:3,[M+Na],light,286.34
C12-C13_undiluted_PASEF_pos_1_Y-C2_1_3566.d,PC,PC 34:3,[M+H],heavy,283.2
C12-C13_undiluted_PASEF_pos_1_Y-C2_1_3566.d,PC,PC 34:3,[M+Na],heavy,286.36
C12-C13_undiluted_PASEF_pos_1_Y-C2_1_3566.d,PC,PC 34:4,[M+H],light,280.19
C12-C13_undiluted_PASEF_pos_1_Y-C2_1_3566.d,PC,PC 34:4,[M+Na],light,283.89
C12-C13_undiluted_PASEF_pos_1_Y-C2_1_3566.d,PC,PC 34:4,[M+H],heavy,280.47
C12-C13_undiluted_PASEF_pos_1_Y-C2_1_3566.d,PC,PC 34:4,[M+Na],heavy,285
C12-C13_undiluted_PASEF_pos_1_Y-C2_1_3566.d,PC,PC 34:5,[M+H],light,276.9
C12-C13_undiluted_PASEF_pos_1_Y-C2_1_3566.d,PC,PC 34:5,[M+Na],light,279.78
C12-C13_undiluted_PASEF_pos_1_Y-C2_1_3566.d,PC,PC 34:5,[M+H],heavy,278.84
C12-C13_undiluted_PASEF_pos_1_Y-C2_1_3566.d,PC,PC 34:5,[M+Na],heavy,280.35
C12-C13_undiluted_PASEF_pos_1_Y-C2_1_3566.d,PC,PC 34:6,[M+H],light,274.99
C12-C13_undiluted_PASEF_pos_1_Y-C2_1_3566.d,PC,PC 34:6,[M+Na],light,277.32
C12-C13_undiluted_PASEF_pos_1_Y-C2_1_3566.d,PC,PC 34:6,[M+H],heavy,276.1
C12-C13_undiluted_PASEF_pos_1_Y-C2_1_3566.d,PC,PC 34:6,[M+Na],heavy,278.17
C12-C13_undiluted_PASEF_pos_1_Y-C2_1_3566.d,PC,PC 35:1,[M+H],light,292.11
C12-C13_undiluted_PASEF_pos_1_Y-C2_1_3566.d,PC,PC 35:1,[M+H],heavy,294.3
C12-C13_undiluted_PASEF_pos_1_Y-C2_1_3566.d,PC,PC 35:1,[M+Na],heavy,297.18
C12-C13_undiluted_PASEF_pos_1_Y-C2_1_3566.d,PC,PC 35:2,[M+H],light,290.21
C12-C13_undiluted_PASEF_pos_1_Y-C2_1_3566.d,PC,PC 35:2,[M+Na],light,293.08
C12-C13_undiluted_PASEF_pos_1_Y-C2_1_3566.d,PC,PC 35:2,[M+H],heavy,290.76
C12-C13_undiluted_PASEF_pos_1_Y-C2_1_3566.d,PC,PC 35:2,[M+Na],heavy,293.91
C12-C13_undiluted_PASEF_pos_1_Y-C2_1_3566.d,PC,PC 35:3,[M+H],light,287.49
C12-C13_undiluted_PASEF_pos_1_Y-C2_1_3566.d,PC,PC 35:3,[M+Na],light,289.54
C12-C13_undiluted_PASEF_pos_1_Y-C2_1_3566.d,PC,PC 35:3,[M+H],heavy,286.95
C12-C13_undiluted_PASEF_pos_1_Y-C2_1_3566.d,PC,PC 35:3,[M+Na],heavy,290.37
C12-C13_undiluted_PASEF_pos_1_Y-C2_1_3566.d,PC,PC 35:4,[M+H],light,283.11
C12-C13_undiluted_PASEF_pos_1_Y-C2_1_3566.d,PC,PC 35:4,[M+Na],light,287.91
C12-C13_undiluted_PASEF_pos_1_Y-C2_1_3566.d,PC,PC 35:4,[M+H],heavy,284.77
C12-C13_undiluted_PASEF_pos_1_Y-C2_1_3566.d,PC,PC 35:4,[M+Na],heavy,287.93
C12-C13_undiluted_PASEF_pos_1_Y-C2_1_3566.d,PC,PC 35:5,[M+H],light,280.38
C12-C13_undiluted_PASEF_pos_1_Y-C2_1_3566.d,PC,PC 35:5,[M+Na],light,284.08
C12-C13_undiluted_PASEF_pos_1_Y-C2_1_3566.d,PC,PC 35:5,[M+H],heavy,281.49
C12-C13_undiluted_PASEF_pos_1_Y-C2_1_3566.d,PC,PC 35:5,[M+Na],heavy,284.38
C12-C13_undiluted_PASEF_pos_1_Y-C2_1_3566.d,PC,PC 35:6,[M+H],light,277.37
C12-C13_undiluted_PASEF_pos_1_Y-C2_1_3566.d,PC,PC 35:6,[M+Na],light,279.71
C12-C13_undiluted_PASEF_pos_1_Y-C2_1_3566.d,PC,PC 35:6,[M+H],heavy,278.76
C12-C13_undiluted_PASEF_pos_1_Y-C2_1_3566.d,PC,PC 35:6,[M+Na],heavy,280.28
C12-C13_undiluted_PASEF_pos_1_Y-C2_1_3566.d,PC,PC 36:1,[M+H],light,294.48
C12-C13_undiluted_PASEF_pos_1_Y-C2_1_3566.d,PC,PC 36:1,[M+H],heavy,296.94
C12-C13_undiluted_PASEF_pos_1_Y-C2_1_3566.d,PC,PC 36:1,[M+Na],heavy,300.64
C12-C13_undiluted_PASEF_pos_1_Y-C2_1_3566.d,PC,PC 36:2,[M+H],light,293.4
C12-C13_undiluted_PASEF_pos_1_Y-C2_1_3566.d,PC,PC 36:2,[M+Na],light,295.45
C12-C13_undiluted_PASEF_pos_1_Y-C2_1_3566.d,PC,PC 36:2,[M+H],heavy,293.95
C12-C13_undiluted_PASEF_pos_1_Y-C2_1_3566.d,PC,PC 36:2,[M+Na],heavy,295.74
C12-C13_undiluted_PASEF_pos_1_Y-C2_1_3566.d,PC,PC 36:3,[M+H],light,290.95
C12-C13_undiluted_PASEF_pos_1_Y-C2_1_3566.d,PC,PC 36:3,[M+Na],light,293.82
C12-C13_undiluted_PASEF_pos_1_Y-C2_1_3566.d,PC,PC 36:3,[M+H],heavy,290.96
C12-C13_undiluted_PASEF_pos_1_Y-C2_1_3566.d,PC,PC 36:3,[M+Na],heavy,293.57
C12-C13_undiluted_PASEF_pos_1_Y-C2_1_3566.d,PC,PC 36:4,[M+H],light,287.41
C12-C13_undiluted_PASEF_pos_1_Y-C2_1_3566.d,PC,PC 36:4,[M+Na],light,291.65
C12-C13_undiluted_PASEF_pos_1_Y-C2_1_3566.d,PC,PC 36:4,[M+H],heavy,288.79
C12-C13_undiluted_PASEF_pos_1_Y-C2_1_3566.d,PC,PC 36:4,[M+Na],heavy,291.4
C12-C13_undiluted_PASEF_pos_1_Y-C2_1_3566.d,PC,PC 36:5,[M+H],light,283.59
C12-C13_undiluted_PASEF_pos_1_Y-C2_1_3566.d,PC,PC 36:5,[M+Na],light,287.29
C12-C13_undiluted_PASEF_pos_1_Y-C2_1_3566.d,PC,PC 36:5,[M+H],heavy,285.79
C12-C13_undiluted_PASEF_pos_1_Y-C2_1_3566.d,PC,PC 36:5,[M+Na],heavy,288.95
C12-C13_undiluted_PASEF_pos_1_Y-C2_1_3566.d,PC,PC 36:6,[M+H],light,280.31
C12-C13_undiluted_PASEF_pos_1_Y-C2_1_3566.d,PC,PC 36:6,[M+Na],light,285.11
C12-C13_undiluted_PASEF_pos_1_Y-C2_1_3566.d,PC,PC 36:6,[M+H],heavy,281.69
C12-C13_undiluted_PASEF_pos_1_Y-C2_1_3566.d,PC,PC 36:6,[M+Na],heavy,285.13
C12-C13_undiluted_PASEF_pos_1_Y-C2_1_3566.d,PC,PC 37:2,[M+H],light,294.96
C12-C13_undiluted_PASEF_pos_1_Y-C2_1_3566.d,PC,PC 37:2,[M+H],heavy,295.23
C12-C13_undiluted_PASEF_pos_1_Y-C2_1_3566.d,PC,PC 37:3,[M+H],light,294.42
C12-C13_undiluted_PASEF_pos_1_Y-C2_1_3566.d,PC,PC 37:3,[M+H],heavy,293.88
C12-C13_undiluted_PASEF_pos_1_Y-C2_1_3566.d,PC,PC 37:4,[M+H],light,292.25
C12-C13_undiluted_PASEF_pos_1_Y-C2_1_3566.d,PC,PC 37:4,[M+Na],light,294.57
C12-C13_undiluted_PASEF_pos_1_Y-C2_1_3566.d,PC,PC 37:4,[M+H],heavy,292.53
C12-C13_undiluted_PASEF_pos_1_Y-C2_1_3566.d,PC,PC 37:4,[M+Na],heavy,293.23
C12-C13_undiluted_PASEF_pos_1_Y-C2_1_3566.d,PC,PC 38:3,[M+H],light,297.61
C12-C13_undiluted_PASEF_pos_1_Y-C2_1_3566.d,PC,PC 38:3,[M+Na],light,299.93
C12-C13_undiluted_PASEF_pos_1_Y-C2_1_3566.d,PC,PC 38:3,[M+H],heavy,297.62
C12-C13_undiluted_PASEF_pos_1_Y-C2_1_3566.d,PC,PC 38:3,[M+Na],heavy,299.13
C12-C13_undiluted_PASEF_pos_1_Y-C2_1_3566.d,PC,PC 38:4,[M+H],light,294.62
C12-C13_undiluted_PASEF_pos_1_Y-C2_1_3566.d,PC,PC 38:4,[M+Na],light,295.85
C12-C13_undiluted_PASEF_pos_1_Y-C2_1_3566.d,PC,PC 38:4,[M+H],heavy,294.9
C12-C13_undiluted_PASEF_pos_1_Y-C2_1_3566.d,PC,PC 38:4,[M+Na],heavy,298.6
C12-C13_undiluted_PASEF_pos_1_Y-C2_1_3566.d,PC,PC 38:5,[M+H],light,289.71
C12-C13_undiluted_PASEF_pos_1_Y-C2_1_3566.d,PC,PC 38:5,[M+Na],light,293.68
C12-C13_undiluted_PASEF_pos_1_Y-C2_1_3566.d,PC,PC 38:5,[M+H],heavy,293.27
C12-C13_undiluted_PASEF_pos_1_Y-C2_1_3566.d,PC,PC 38:5,[M+Na],heavy,293.98
C12-C13_undiluted_PASEF_pos_1_Y-C2_1_3566.d,PC,PC 38:6,[M+H],light,285.34
C12-C13_undiluted_PASEF_pos_1_Y-C2_1_3566.d,PC,PC 38:6,[M+Na],light,290.96
C12-C13_undiluted_PASEF_pos_1_Y-C2_1_3566.d,PC,PC 38:6,[M+H],heavy,287.82
C12-C13_undiluted_PASEF_pos_1_Y-C2_1_3566.d,PC,PC 38:6,[M+Na],heavy,290.16
C12-C13_undiluted_PASEF_pos_1_Y-C2_1_3566.d,PE,PE 32:1,[M+H],light,269.35
C12-C13_undiluted_PASEF_pos_1_Y-C2_1_3566.d,PE,PE 32:1,[M+Na],light,276.08
C12-C13_undiluted_PASEF_pos_1_Y-C2_1_3566.d,PE,PE 32:1,[M+H],heavy,269.91
C12-C13_undiluted_PASEF_pos_1_Y-C2_1_3566.d,PE,PE 32:1,[M+Na],heavy,275.27
C12-C13_undiluted_PASEF_pos_1_Y-C2_1_3566.d,PE,PE 33:1,[M+H],light,273.11
C12-C13_undiluted_PASEF_pos_1_Y-C2_1_3566.d,PE,PE 33:1,[M+Na],light,277.36
C12-C13_undiluted_PASEF_pos_1_Y-C2_1_3566.d,PE,PE 33:1,[M+H],heavy,275.59
C12-C13_undiluted_PASEF_pos_1_Y-C2_1_3566.d,PE,PE 33:1,[M+Na],heavy,279.85
C12-C13_undiluted_PASEF_pos_1_Y-C2_1_3566.d,PE,PE 33:2,[M+H],light,268.71
C12-C13_undiluted_PASEF_pos_1_Y-C2_1_3566.d,PE,PE 33:2,[M+H],heavy,270.38
C12-C13_undiluted_PASEF_pos_1_Y-C2_1_3566.d,PE,PE 34:1,[M+H],light,277.14
C12-C13_undiluted_PASEF_pos_1_Y-C2_1_3566.d,PE,PE 34:1,[M+Na],light,282.75
C12-C13_undiluted_PASEF_pos_1_Y-C2_1_3566.d,PE,PE 34:1,[M+H],heavy,277.14
C12-C13_undiluted_PASEF_pos_1_Y-C2_1_3566.d,PE,PE 34:1,[M+Na],heavy,283.04
C12-C13_undiluted_PASEF_pos_1_Y-C2_1_3566.d,PE,PE 34:2,[M+H],light,274.95
C12-C13_undiluted_PASEF_pos_1_Y-C2_1_3566.d,PE,PE 34:2,[M+Na],light,279.75
C12-C13_undiluted_PASEF_pos_1_Y-C2_1_3566.d,PE,PE 34:2,[M+H],heavy,276.06
C12-C13_undiluted_PASEF_pos_1_Y-C2_1_3566.d,PE,PE 34:2,[M+Na],heavy,278.66
C12-C13_undiluted_PASEF_pos_1_Y-C2_1_3566.d,PE,PE 34:3 - 1,[M+H],light,268.9
C12-C13_undiluted_PASEF_pos_1_Y-C2_1_3566.d,PE,PE 34:3 - 1,[M+Na],light,274.81
C12-C13_undiluted_PASEF_pos_1_Y-C2_1_3566.d,PE,PE 34:3 - 1,[M+H],heavy,269.74
C12-C13_undiluted_PASEF_pos_1_Y-C2_1_3566.d,PE,PE 34:3 - 1,[M+Na],heavy,275.93
C12-C13_undiluted_PASEF_pos_1_Y-C2_1_3566.d,PE,PE 34:3 - 2,[M+H],light,270.56
C12-C13_undiluted_PASEF_pos_1_Y-C2_1_3566.d,PE,PE 34:3 - 2,[M+Na],light,277.84
C12-C13_undiluted_PASEF_pos_1_Y-C2_1_3566.d,PE,PE 34:3 - 2,[M+H],heavy,272.49
C12-C13_undiluted_PASEF_pos_1_Y-C2_1_3566.d,PE,PE 34:3 - 2,[M+Na],heavy,276.48
C12-C13_undiluted_PASEF_pos_1_Y-C2_1_3566.d,PE,PE 34:4,[M+H],light,265.88
C12-C13_undiluted_PASEF_pos_1_Y-C2_1_3566.d,PE,PE 34:4,[M+H],heavy,267
C12-C13_undiluted_PASEF_pos_1_Y-C2_1_3566.d,PE,PE 35:1,[M+H],light,281.44
C12-C13_undiluted_PASEF_pos_1_Y-C2_1_3566.d,PE,PE 35:1,[M+Na],light,282.93
C12-C13_undiluted_PASEF_pos_1_Y-C2_1_3566.d,PE,PE 35:1,[M+H],heavy,281.99
C12-C13_undiluted_PASEF_pos_1_Y-C2_1_3566.d,PE,PE 35:1,[M+Na],heavy,287.88
C12-C13_undiluted_PASEF_pos_1_Y-C2_1_3566.d,PE,PE 35:2 - 1,[M+H],light,280.08
C12-C13_undiluted_PASEF_pos_1_Y-C2_1_3566.d,PE,PE 35:2 - 1,[M+Na],light,280.47
C12-C13_undiluted_PASEF_pos_1_Y-C2_1_3566.d,PE,PE 35:2 - 1,[M+H],heavy,281.73
C12-C13_undiluted_PASEF_pos_1_Y-C2_1_3566.d,PE,PE 35:2 - 1,[M+Na],heavy,283.51
C12-C13_undiluted_PASEF_pos_1_Y-C2_1_3566.d,PE,PE 35:2 - 2,[M+H],light,275.4
C12-C13_undiluted_PASEF_pos_1_Y-C2_1_3566.d,PE,PE 35:2 - 2,[M+Na],light,282.4
C12-C13_undiluted_PASEF_pos_1_Y-C2_1_3566.d,PE,PE 35:2 - 2,[M+H],heavy,275.69
C12-C13_undiluted_PASEF_pos_1_Y-C2_1_3566.d,PE,PE 35:2 - 2,[M+Na],heavy,283.24
C12-C13_undiluted_PASEF_pos_1_Y-C2_1_3566.d,PE,PE 35:3,[M+H],light,274.04
C12-C13_undiluted_PASEF_pos_1_Y-C2_1_3566.d,PE,PE 35:3,[M+Na],light,279.11
C12-C13_undiluted_PASEF_pos_1_Y-C2_1_3566.d,PE,PE 35:3,[M+H],heavy,274.05
C12-C13_undiluted_PASEF_pos_1_Y-C2_1_3566.d,PE,PE 35:3,[M+Na],heavy,279.96
C12-C13_undiluted_PASEF_pos_1_Y-C2_1_3566.d,PE,PE 35:4,[M+H],light,270.2
C12-C13_undiluted_PASEF_pos_1_Y-C2_1_3566.d,PE,PE 35:4,[M+H],heavy,271.86
C12-C13_undiluted_PASEF_pos_1_Y-C2_1_3566.d,PE,PE 35:5,[M+H],light,268.83
C12-C13_undiluted_PASEF_pos_1_Y-C2_1_3566.d,PE,PE 35:5,[M+Na],light,272.26
C12-C13_undiluted_PASEF_pos_1_Y-C2_1_3566.d,PE,PE 35:5,[M+H],heavy,268.57
C12-C13_undiluted_PASEF_pos_1_Y-C2_1_3566.d,PE,PE 35:6,[M+H],light,265.26
C12-C13_undiluted_PASEF_pos_1_Y-C2_1_3566.d,PE,PE 35:6,[M+H],heavy,265.82
C12-C13_undiluted_PASEF_pos_1_Y-C2_1_3566.d,PE,PE 36:1,[M+H],light,284.08
C12-C13_undiluted_PASEF_pos_1_Y-C2_1_3566.d,PE,PE 36:1,[M+Na],light,288.32
C12-C13_undiluted_PASEF_pos_1_Y-C2_1_3566.d,PE,PE 36:1,[M+H],heavy,284.36
C12-C13_undiluted_PASEF_pos_1_Y-C2_1_3566.d,PE,PE 36:1,[M+Na],heavy,289.98
C12-C13_undiluted_PASEF_pos_1_Y-C2_1_3566.d,PE,PE 36:2,[M+H],light,279.7
C12-C13_undiluted_PASEF_pos_1_Y-C2_1_3566.d,PE,PE 36:2,[M+Na],light,286.96
C12-C13_undiluted_PASEF_pos_1_Y-C2_1_3566.d,PE,PE 36:2,[M+H],heavy,281.63
C12-C13_undiluted_PASEF_pos_1_Y-C2_1_3566.d,PE,PE 36:2,[M+Na],heavy,286.98
C12-C13_undiluted_PASEF_pos_1_Y-C2_1_3566.d,PE,PE 36:3,[M+H],light,278.07
C12-C13_undiluted_PASEF_pos_1_Y-C2_1_3566.d,PE,PE 36:3,[M+Na],light,281.77
C12-C13_undiluted_PASEF_pos_1_Y-C2_1_3566.d,PE,PE 36:3,[M+H],heavy,276.43
C12-C13_undiluted_PASEF_pos_1_Y-C2_1_3566.d,PE,PE 36:3,[M+Na],heavy,283.16
C12-C13_undiluted_PASEF_pos_1_Y-C2_1_3566.d,PE,PE 36:4,[M+H],light,274.51
C12-C13_undiluted_PASEF_pos_1_Y-C2_1_3566.d,PE,PE 36:4,[M+Na],light,277.39
C12-C13_undiluted_PASEF_pos_1_Y-C2_1_3566.d,PE,PE 36:4,[M+H],heavy,273.97
C12-C13_undiluted_PASEF_pos_1_Y-C2_1_3566.d,PE,PE 36:4,[M+Na],heavy,279.88
C12-C13_undiluted_PASEF_pos_1_Y-C2_1_3566.d,PE,PE 36:5,[M+H],light,272.04
C12-C13_undiluted_PASEF_pos_1_Y-C2_1_3566.d,PE,PE 36:5,[M+Na],light,275.75
C12-C13_undiluted_PASEF_pos_1_Y-C2_1_3566.d,PE,PE 36:5,[M+H],heavy,271.5
C12-C13_undiluted_PASEF_pos_1_Y-C2_1_3566.d,PE,PE 36:5,[M+Na],heavy,276.05
C12-C13_undiluted_PASEF_pos_1_Y-C2_1_3566.d,PE,PE 36:6,[M+H],light,267.09
C12-C13_undiluted_PASEF_pos_1_Y-C2_1_3566.d,PE,PE 36:6,[M+H],heavy,266.01
C12-C13_undiluted_PASEF_pos_1_Y-C2_1_3566.d,PG,PG 34:1,[M+NH4],light,288.88
C12-C13_undiluted_PASEF_pos_1_Y-C2_1_3566.d,PG,PG 34:1,[M+Na],light,283.37
C12-C13_undiluted_PASEF_pos_1_Y-C2_1_3566.d,PG,PG 34:1,[M+NH4],heavy,290.82
C12-C13_undiluted_PASEF_pos_1_Y-C2_1_3566.d,PG,PG 34:1,[M+Na],heavy,283.4
C12-C13_undiluted_PASEF_pos_1_Y-C2_1_3566.d,PG,PG 34:2,[M+NH4],light,286.16
C12-C13_undiluted_PASEF_pos_1_Y-C2_1_3566.d,PG,PG 34:2,[M+Na],light,282.28
C12-C13_undiluted_PASEF_pos_1_Y-C2_1_3566.d,PG,PG 34:2,[M+NH4],heavy,288.09
C12-C13_undiluted_PASEF_pos_1_Y-C2_1_3566.d,PG,PG 34:2,[M+Na],heavy,281.22
C12-C13_undiluted_PASEF_pos_1_Y-C2_1_3566.d,PG,PG 34:3,[M+NH4],light,284.52
C12-C13_undiluted_PASEF_pos_1_Y-C2_1_3566.d,PG,PG 34:3,[M+NH4],heavy,285.37
C12-C13_undiluted_PASEF_pos_1_Y-C2_1_3566.d,PI,PI 34:1,[M+NH4],light,299
C12-C13_undiluted_PASEF_pos_1_Y-C2_1_3566.d,PI,PI 34:1,[M+Na],light,294.07
C12-C13_undiluted_PASEF_pos_1_Y-C2_1_3566.d,PI,PI 34:1,[M+NH4],heavy,299.32
C12-C13_undiluted_PASEF_pos_1_Y-C2_1_3566.d,PI,PI 34:1,[M+Na],heavy,295.21
C12-C13_undiluted_PASEF_pos_1_Y-C2_1_3566.d,PI,PI 34:2,[M+NH4],light,295.47
C12-C13_undiluted_PASEF_pos_1_Y-C2_1_3566.d,PI,PI 34:2,[M+Na],light,291.89
C12-C13_undiluted_PASEF_pos_1_Y-C2_1_3566.d,PI,PI 34:2,[M+NH4],heavy,294.97
C12-C13_undiluted_PASEF_pos_1_Y-C2_1_3566.d,PI,PI 34:2,[M+Na],heavy,293.04
C12-C13_undiluted_PASEF_pos_1_Y-C2_1_3566.d,PI,PI 34:3,[M+NH4],light,293.84
C12-C13_undiluted_PASEF_pos_1_Y-C2_1_3566.d,PI,PI 34:3,[M+NH4],heavy,293.62
C12-C13_undiluted_PASEF_pos_1_Y-C2_1_3566.d,PI,PI 36:1,[M+NH4],light,305.65
C12-C13_undiluted_PASEF_pos_1_Y-C2_1_3566.d,PI,PI 36:1,[M+NH4],heavy,306.78
C12-C13_undiluted_PASEF_pos_1_Y-C2_1_3566.d,PI,PI 36:2,[M+NH4],light,303.49
C12-C13_undiluted_PASEF_pos_1_Y-C2_1_3566.d,PI,PI 36:2,[M+NH4],heavy,303.26
C12-C13_undiluted_PASEF_pos_1_Y-C2_1_3566.d,PI,PI 36:3,[M+NH4],light,299.69
C12-C13_undiluted_PASEF_pos_1_Y-C2_1_3566.d,PI,PI 36:3,[M+NH4],heavy,299.19
C12-C13_undiluted_PASEF_pos_1_Y-C2_1_3566.d,PI,PI 36:4,[M+NH4],light,297.25
C12-C13_undiluted_PASEF_pos_1_Y-C2_1_3566.d,PI,PI 36:4,[M+NH4],heavy,297.3
C12-C13_undiluted_PASEF_pos_1_Y-C2_1_3566.d,PI,PI 36:5,[M+NH4],light,293.71
C12-C13_undiluted_PASEF_pos_1_Y-C2_1_3566.d,PI,PI 36:5,[M+NH4],heavy,295.67
C12-C13_undiluted_PASEF_pos_1_Y-C2_1_3566.d,PI,PI 36:5,[M+Na],heavy,291.83
C12-C13_undiluted_PASEF_pos_1_Y-C2_1_3566.d,PS,PS 34:1,[M+H],light,283.98
C12-C13_undiluted_PASEF_pos_1_Y-C2_1_3566.d,PS,PS 34:1,[M+Na],light,284.66
C12-C13_undiluted_PASEF_pos_1_Y-C2_1_3566.d,PS,PS 34:1,[M+H],heavy,284
C12-C13_undiluted_PASEF_pos_1_Y-C2_1_3566.d,PS,PS 34:1,[M+Na],heavy,285.24
C12-C13_undiluted_PASEF_pos_1_Y-C2_1_3566.d,PS,PS 34:2,[M+H],light,280.15
C12-C13_undiluted_PASEF_pos_1_Y-C2_1_3566.d,PS,PS 34:2,[M+Na],light,280.01
C12-C13_undiluted_PASEF_pos_1_Y-C2_1_3566.d,PS,PS 34:2,[M+H],heavy,281.82
C12-C13_undiluted_PASEF_pos_1_Y-C2_1_3566.d,PS,PS 34:2,[M+Na],heavy,284.16
C12-C13_undiluted_PASEF_pos_1_Y-C2_1_3566.d,PS,PS 34:3,[M+H],light,275.76
C12-C13_undiluted_PASEF_pos_1_Y-C2_1_3566.d,PS,PS 34:3,[M+H],heavy,276.34
C12-C13_undiluted_PASEF_pos_1_Y-C2_1_3566.d,PS,PS 36:1,[M+H],light,291.46
C12-C13_undiluted_PASEF_pos_1_Y-C2_1_3566.d,PS,PS 36:1,[M+Na],light,293.79
C12-C13_undiluted_PASEF_pos_1_Y-C2_1_3566.d,PS,PS 36:1,[M+H],heavy,291.21
C12-C13_undiluted_PASEF_pos_1_Y-C2_1_3566.d,PS,PS 36:1,[M+Na],heavy,292.73
C12-C13_undiluted_PASEF_pos_1_Y-C2_1_3566.d,PS,PS 36:2,[M+H],light,286.55
C12-C13_undiluted_PASEF_pos_1_Y-C2_1_3566.d,PS,PS 36:2,[M+Na],light,290.52
C12-C13_undiluted_PASEF_pos_1_Y-C2_1_3566.d,PS,PS 36:2,[M+H],heavy,285.48
C12-C13_undiluted_PASEF_pos_1_Y-C2_1_3566.d,PS,PS 36:2,[M+Na],heavy,291.1
C12-C13_undiluted_PASEF_pos_1_Y-C2_1_3566.d,PS,PS 36:3,[M+H],light,282.73
C12-C13_undiluted_PASEF_pos_1_Y-C2_1_3566.d,PS,PS 36:3,[M+Na],light,285.33
C12-C13_undiluted_PASEF_pos_1_Y-C2_1_3566.d,PS,PS 36:3,[M+H],heavy,282.75
C12-C13_undiluted_PASEF_pos_1_Y-C2_1_3566.d,PS,PS 36:3,[M+Na],heavy,286.74
C12-C13_undiluted_PASEF_pos_1_Y-C2_1_3566.d,PS,PS 36:4,[M+H],light,278.9
C12-C13_undiluted_PASEF_pos_1_Y-C2_1_3566.d,PS,PS 36:4,[M+Na],light,284.8
C12-C13_undiluted_PASEF_pos_1_Y-C2_1_3566.d,PS,PS 36:4,[M+H],heavy,280.02
C12-C13_undiluted_PASEF_pos_1_Y-C2_1_3566.d,PS,PS 36:4,[M+Na],heavy,285.11
C12-C13_undiluted_PASEF_pos_1_Y-C2_1_3566.d,PS,PS 36:5,[M+H],light,277.26
C12-C13_undiluted_PASEF_pos_1_Y-C2_1_3566.d,PS,PS 36:5,[M+H],heavy,278.11
C12-C13_undiluted_PASEF_pos_1_Y-C2_1_3566.d,PS,PS 36:5,[M+Na],heavy,281.29
C12-C13_undiluted_PASEF_pos_1_Y-C2_1_3566.d,SPH,SPH 18:0;3,[M+H],light,196.64
C12-C13_undiluted_PASEF_pos_1_Y-C2_1_3566.d,SPH,SPH 18:0;3,[M+Na],light,199.58
C12-C13_undiluted_PASEF_pos_1_Y-C2_1_3566.d,SPH,SPH 18:0;3,[M+H],heavy,195.64
C12-C13_undiluted_PASEF_pos_1_Y-C2_1_3566.d,SPH,SPH 18:0;3,[M+Na],heavy,197.19
C12-C13_undiluted_PASEF_pos_1_Y-C2_1_3566.d,SPH,SPH 18:1;2,[M+H],light,191.91
C12-C13_undiluted_PASEF_pos_1_Y-C2_1_3566.d,SPH,SPH 18:1;2,[M+Na],light,184.99
C12-C13_undiluted_PASEF_pos_1_Y-C2_1_3566.d,SPH,SPH 18:1;2,[M+H],heavy,191.15
C12-C13_undiluted_PASEF_pos_1_Y-C2_1_3566.d,SPH,SPH 18:1;2,[M+Na],heavy,187.19
C12-C13_undiluted_PASEF_pos_1_Y-C2_1_3566.d,ST,Ergosterol,[M+H],light,201.35
C12-C13_undiluted_PASEF_pos_1_Y-C2_1_3566.d,ST,Ergosterol,[M+H],heavy,198.91
C12-C13_undiluted_PASEF_pos_1_Y-C2_1_3566.d,TG,TG 48:2,[M+NH4],light,309.54
C12-C13_undiluted_PASEF_pos_1_Y-C2_1_3566.d,TG,TG 48:2,[M+Na],light,308.97
C12-C13_undiluted_PASEF_pos_1_Y-C2_1_3566.d,TG,TG 48:2,[M+NH4],heavy,309.79
C12-C13_undiluted_PASEF_pos_1_Y-C2_1_3566.d,TG,TG 48:2,[M+Na],heavy,309.76
C12-C13_undiluted_PASEF_pos_1_Y-C2_1_3566.d,TG,TG 48:3,[M+NH4],light,306.57
C12-C13_undiluted_PASEF_pos_1_Y-C2_1_3566.d,TG,TG 48:3,[M+Na],light,305.44
C12-C13_undiluted_PASEF_pos_1_Y-C2_1_3566.d,TG,TG 48:3,[M+NH4],heavy,310.07
C12-C13_undiluted_PASEF_pos_1_Y-C2_1_3566.d,TG,TG 48:3,[M+Na],heavy,305.7
C12-C13_undiluted_PASEF_pos_1_Y-C2_1_3566.d,TG,TG 48:4,[M+NH4],light,306.85
C12-C13_undiluted_PASEF_pos_1_Y-C2_1_3566.d,TG,TG 48:4,[M+Na],light,302.73
C12-C13_undiluted_PASEF_pos_1_Y-C2_1_3566.d,TG,TG 48:4,[M+NH4],heavy,306.28
C12-C13_undiluted_PASEF_pos_1_Y-C2_1_3566.d,TG,TG 48:4,[M+Na],heavy,305.43
C12-C13_undiluted_PASEF_pos_1_Y-C2_1_3566.d,TG,TG 49:2,[M+Na],light,311.33
C12-C13_undiluted_PASEF_pos_1_Y-C2_1_3566.d,TG,TG 49:2,[M+NH4],heavy,312.15
C12-C13_undiluted_PASEF_pos_1_Y-C2_1_3566.d,TG,TG 49:2,[M+Na],heavy,311.31
C12-C13_undiluted_PASEF_pos_1_Y-C2_1_3566.d,TG,TG 49:3,[M+NH4],light,311.92
C12-C13_undiluted_PASEF_pos_1_Y-C2_1_3566.d,TG,TG 49:3,[M+Na],light,310.26
C12-C13_undiluted_PASEF_pos_1_Y-C2_1_3566.d,TG,TG 49:3,[M+Na],heavy,309.15
C12-C13_undiluted_PASEF_pos_1_Y-C2_1_3566.d,TG,TG 50:2,[M+NH4],light,316.7
C12-C13_undiluted_PASEF_pos_1_Y-C2_1_3566.d,TG,TG 50:2,[M+NH4],heavy,318.03
C12-C13_undiluted_PASEF_pos_1_Y-C2_1_3566.d,TG,TG 50:3,[M+NH4],light,314
C12-C13_undiluted_PASEF_pos_1_Y-C2_1_3566.d,TG,TG 50:3,[M+Na],light,313.16
C12-C13_undiluted_PASEF_pos_1_Y-C2_1_3566.d,TG,TG 50:3,[M+NH4],heavy,314.52
C12-C13_undiluted_PASEF_pos_1_Y-C2_1_3566.d,TG,TG 50:3,[M+Na],heavy,314.49
C12-C13_undiluted_PASEF_pos_1_Y-C2_1_3566.d,TG,TG 50:4,[M+NH4],light,311.84
C12-C13_undiluted_PASEF_pos_1_Y-C2_1_3566.d,TG,TG 50:4,[M+Na],light,311.27
C12-C13_undiluted_PASEF_pos_1_Y-C2_1_3566.d,TG,TG 50:4,[M+NH4],heavy,311.82
C12-C13_undiluted_PASEF_pos_1_Y-C2_1_3566.d,TG,TG 50:4,[M+Na],heavy,311.25
C12-C13_undiluted_PASEF_pos_1_Y-C2_1_3566.d,TG,TG 50:5,[M+NH4],light,312.13
C12-C13_undiluted_PASEF_pos_1_Y-C2_1_3566.d,TG,TG 50:5,[M+Na],light,309.38
C12-C13_undiluted_PASEF_pos_1_Y-C2_1_3566.d,TG,TG 50:5,[M+NH4],heavy,311.02
C12-C13_undiluted_PASEF_pos_1_Y-C2_1_3566.d,TG,TG 50:5,[M+Na],heavy,308.28
C12-C13_undiluted_PASEF_pos_1_Y-C2_1_3566.d,TG,TG 51:2,[M+NH4],light,320.14
C12-C13_undiluted_PASEF_pos_1_Y-C2_1_3566.d,TG,TG 51:2,[M+NH4],heavy,320.39
C12-C13_undiluted_PASEF_pos_1_Y-C2_1_3566.d,TG,TG 51:3,[M+NH4],light,317.99
C12-C13_undiluted_PASEF_pos_1_Y-C2_1_3566.d,TG,TG 51:3,[M+Na],light,317.15
C12-C13_undiluted_PASEF_pos_1_Y-C2_1_3566.d,TG,TG 51:3,[M+NH4],heavy,319.86
C12-C13_undiluted_PASEF_pos_1_Y-C2_1_3566.d,TG,TG 51:3,[M+Na],heavy,318.75
C12-C13_undiluted_PASEF_pos_1_Y-C2_1_3566.d,TG,TG 51:4,[M+NH4],light,315.83
C12-C13_undiluted_PASEF_pos_1_Y-C2_1_3566.d,TG,TG 51:4,[M+Na],light,314.72
C12-C13_undiluted_PASEF_pos_1_Y-C2_1_3566.d,TG,TG 51:4,[M+NH4],heavy,316.89
C12-C13_undiluted_PASEF_pos_1_Y-C2_1_3566.d,TG,TG 51:4,[M+Na],heavy,315.51
C12-C13_undiluted_PASEF_pos_1_Y-C2_1_3566.d,TG,TG 51:5,[M+NH4],heavy,312.84
C12-C13_undiluted_PASEF_pos_1_Y-C2_1_3566.d,TG,TG 51:5,[M+Na],heavy,313.35
C12-C13_undiluted_PASEF_pos_1_Y-C2_1_3566.d,TG,TG 52:2,[M+NH4],heavy,324.09
C12-C13_undiluted_PASEF_pos_1_Y-C2_1_3566.d,TG,TG 52:2,[M+Na],heavy,321.1
C12-C13_undiluted_PASEF_pos_1_Y-C2_1_3566.d,TG,TG 52:3,[M+NH4],light,321.7
C12-C13_undiluted_PASEF_pos_1_Y-C2_1_3566.d,TG,TG 52:3,[M+NH4],heavy,320.32
C12-C13_undiluted_PASEF_pos_1_Y-C2_1_3566.d,TG,TG 52:3,[M+Na],heavy,319.75
C12-C13_undiluted_PASEF_pos_1_Y-C2_1_3566.d,TG,TG 52:4,[M+NH4],light,317.65
C12-C13_undiluted_PASEF_pos_1_Y-C2_1_3566.d,TG,TG 52:4,[M+Na],light,315.45
C12-C13_undiluted_PASEF_pos_1_Y-C2_1_3566.d,TG,TG 52:4,[M+NH4],heavy,320.06
C12-C13_undiluted_PASEF_pos_1_Y-C2_1_3566.d,TG,TG 52:4,[M+Na],heavy,317.87
C12-C13_undiluted_PASEF_pos_1_Y-C2_1_3566.d,TG,TG 52:5,[M+NH4],light,315.22
C12-C13_undiluted_PASEF_pos_1_Y-C2_1_3566.d,TG,TG 52:5,[M+Na],light,314.65
C12-C13_undiluted_PASEF_pos_1_Y-C2_1_3566.d,TG,TG 52:5,[M+NH4],heavy,317.09
C12-C13_undiluted_PASEF_pos_1_Y-C2_1_3566.d,TG,TG 52:5,[M+Na],heavy,316.53
C12-C13_undiluted_PASEF_pos_1_Y-C2_1_3566.d,TG,TG 52:6,[M+NH4],light,313.6
C12-C13_undiluted_PASEF_pos_1_Y-C2_1_3566.d,TG,TG 52:6,[M+Na],light,313.85
C12-C13_undiluted_PASEF_pos_1_Y-C2_1_3566.d,TG,TG 52:6,[M+NH4],heavy,313.85
C12-C13_undiluted_PASEF_pos_1_Y-C2_1_3566.d,TG,TG 52:6,[M+Na],heavy,314.37
C12-C13_undiluted_PASEF_pos_1_Y-C2_1_3566.d,TG,TG 52:7,[M+NH4],light,309.54
C12-C13_undiluted_PASEF_pos_1_Y-C2_1_3566.d,TG,TG 52:7,[M+Na],light,311.15
C12-C13_undiluted_PASEF_pos_1_Y-C2_1_3566.d,TG,TG 52:7,[M+NH4],heavy,311.97
C12-C13_undiluted_PASEF_pos_1_Y-C2_1_3566.d,TG,TG 52:7,[M+Na],heavy,309.77
C12-C13_undiluted_PASEF_pos_1_Y-C2_1_3566.d,TG,TG 52:8,[M+NH4],light,308.2
C12-C13_undiluted_PASEF_pos_1_Y-C2_1_3566.d,TG,TG 52:8,[M+Na],light,308.17
C12-C13_undiluted_PASEF_pos_1_Y-C2_1_3566.d,TG,TG 52:8,[M+NH4],heavy,310.08
C12-C13_undiluted_PASEF_pos_1_Y-C2_1_3566.d,TG,TG 52:8,[M+Na],heavy,308.97
C12-C13_undiluted_PASEF_pos_1_Y-C2_1_3566.d,TG,TG 53:3,[M+NH4],light,322.7
C12-C13_undiluted_PASEF_pos_1_Y-C2_1_3566.d,TG,TG 53:3,[M+Na],light,323.76
C12-C13_undiluted_PASEF_pos_1_Y-C2_1_3566.d,TG,TG 53:3,[M+NH4],heavy,325.11
C12-C13_undiluted_PASEF_pos_1_Y-C2_1_3566.d,TG,TG 53:3,[M+Na],heavy,321.84
C12-C13_undiluted_PASEF_pos_1_Y-C2_1_3566.d,TG,TG 53:4,[M+NH4],light,321.36
C12-C13_undiluted_PASEF_pos_1_Y-C2_1_3566.d,TG,TG 53:4,[M+Na],light,319.98
C12-C13_undiluted_PASEF_pos_1_Y-C2_1_3566.d,TG,TG 53:4,[M+NH4],heavy,322.96
C12-C13_undiluted_PASEF_pos_1_Y-C2_1_3566.d,TG,TG 53:4,[M+Na],heavy,319.42
C12-C13_undiluted_PASEF_pos_1_Y-C2_1_3566.d,TG,TG 53:5,[M+NH4],light,319.21
C12-C13_undiluted_PASEF_pos_1_Y-C2_1_3566.d,TG,TG 53:5,[M+Na],light,317.83
C12-C13_undiluted_PASEF_pos_1_Y-C2_1_3566.d,TG,TG 53:5,[M+NH4],heavy,318.64
C12-C13_undiluted_PASEF_pos_1_Y-C2_1_3566.d,TG,TG 53:5,[M+Na],heavy,318.89
C12-C13_undiluted_PASEF_pos_1_Y-C2_1_3566.d,TG,TG 53:6,[M+NH4],light,316.78
C12-C13_undiluted_PASEF_pos_1_Y-C2_1_3566.d,TG,TG 53:6,[M+Na],light,317.02
C12-C13_undiluted_PASEF_pos_1_Y-C2_1_3566.d,TG,TG 53:6,[M+NH4],heavy,319.73
C12-C13_undiluted_PASEF_pos_1_Y-C2_1_3566.d,TG,TG 53:6,[M+Na],heavy,318.9
C12-C13_undiluted_PASEF_pos_1_Y-C2_1_3566.d,TG,TG 53:7,[M+NH4],light,312.72
C12-C13_undiluted_PASEF_pos_1_Y-C2_1_3566.d,TG,TG 53:7,[M+Na],light,315.95
C12-C13_undiluted_PASEF_pos_1_Y-C2_1_3566.d,TG,TG 53:7,[M+NH4],heavy,316.23
C12-C13_undiluted_PASEF_pos_1_Y-C2_1_3566.d,TG,TG 53:7,[M+Na],heavy,314.58
C12-C13_undiluted_PASEF_pos_1_Y-C2_1_3566.d,TG,TG 53:8,[M+NH4],light,312.19
C12-C13_undiluted_PASEF_pos_1_Y-C2_1_3566.d,TG,TG 53:8,[M+Na],light,310.54
C12-C13_undiluted_PASEF_pos_1_Y-C2_1_3566.d,TG,TG 53:8,[M+NH4],heavy,312.99
C12-C13_undiluted_PASEF_pos_1_Y-C2_1_3566.d,TG,TG 53:8,[M+Na],heavy,312.69
C12-C13_undiluted_PASEF_pos_1_Y-C2_1_3566.d,TG,TG 54:2,[M+NH4],heavy,329.88
C12-C13_undiluted_PASEF_pos_1_Y-C2_1_3566.d,TG,TG 54:2,[M+Na],heavy,330.13
C12-C13_undiluted_PASEF_pos_1_Y-C2_1_3566.d,TG,TG 54:3,[M+NH4],light,326.68
C12-C13_undiluted_PASEF_pos_1_Y-C2_1_3566.d,TG,TG 54:3,[M+Na],light,323.68
C12-C13_undiluted_PASEF_pos_1_Y-C2_1_3566.d,TG,TG 54:3,[M+NH4],heavy,327.46
C12-C13_undiluted_PASEF_pos_1_Y-C2_1_3566.d,TG,TG 54:3,[M+Na],heavy,325.01
C12-C13_undiluted_PASEF_pos_1_Y-C2_1_3566.d,TG,TG 54:4,[M+NH4],light,322.37
C12-C13_undiluted_PASEF_pos_1_Y-C2_1_3566.d,TG,TG 54:4,[M+Na],light,322.88
C12-C13_undiluted_PASEF_pos_1_Y-C2_1_3566.d,TG,TG 54:4,[M+NH4],heavy,325.85
C12-C13_undiluted_PASEF_pos_1_Y-C2_1_3566.d,TG,TG 54:4,[M+Na],heavy,323.94
C12-C13_undiluted_PASEF_pos_1_Y-C2_1_3566.d,TG,TG 54:5,[M+NH4],light,323.46
C12-C13_undiluted_PASEF_pos_1_Y-C2_1_3566.d,TG,TG 54:5,[M+Na],light,319.92
C12-C13_undiluted_PASEF_pos_1_Y-C2_1_3566.d,TG,TG 54:5,[M+NH4],heavy,324.25
C12-C13_undiluted_PASEF_pos_1_Y-C2_1_3566.d,TG,TG 54:5,[M+Na],heavy,323.14
C12-C13_undiluted_PASEF_pos_1_Y-C2_1_3566.d,TG,TG 54:6,[M+NH4],light,318.87
C12-C13_undiluted_PASEF_pos_1_Y-C2_1_3566.d,TG,TG 54:6,[M+Na],light,320.2
C12-C13_undiluted_PASEF_pos_1_Y-C2_1_3566.d,TG,TG 54:6,[M+NH4],heavy,321.82
C12-C13_undiluted_PASEF_pos_1_Y-C2_1_3566.d,TG,TG 54:6,[M+Na],heavy,321.8
C12-C13_undiluted_PASEF_pos_1_Y-C2_1_3566.d,TG,TG 54:7,[M+NH4],light,318.34
C12-C13_undiluted_PASEF_pos_1_Y-C2_1_3566.d,TG,TG 54:7,[M+Na],light,316.96
C12-C13_undiluted_PASEF_pos_1_Y-C2_1_3566.d,TG,TG 54:7,[M+NH4],heavy,319.67
C12-C13_undiluted_PASEF_pos_1_Y-C2_1_3566.d,TG,TG 54:7,[M+Na],heavy,318.3
C12-C13_undiluted_PASEF_pos_1_Y-C2_1_3566.d,TG,TG 54:8,[M+NH4],light,316.45
C12-C13_undiluted_PASEF_pos_1_Y-C2_1_3566.d,TG,TG 54:8,[M+Na],light,313.99
C12-C13_undiluted_PASEF_pos_1_Y-C2_1_3566.d,TG,TG 54:8,[M+NH4],heavy,315.35
C12-C13_undiluted_PASEF_pos_1_Y-C2_1_3566.d,TG,TG 54:8,[M+Na],heavy,315.6
C12-C13_undiluted_PASEF_pos_1_Y-C2_1_3566.d,TG,TG 54:9,[M+NH4],light,311.59
C12-C13_undiluted_PASEF_pos_1_Y-C2_1_3566.d,TG,TG 54:9,[M+Na],light,311.29
C12-C13_undiluted_PASEF_pos_1_Y-C2_1_3566.d,TG,TG 54:9,[M+NH4],heavy,313.47
C12-C13_undiluted_PASEF_pos_1_Y-C2_1_3566.d,TG,TG 54:9,[M+Na],heavy,313.17
