LipidClass,LipidSpecies,Formula,Mz,Polarity,Adduct,U13C_DTCCS
AcCa,AcCa 16:1,C23H43NO4,421.403646,pos,[M+H],208.19
AcCa,AcCa 16:1,C23H43NO4,419.389094,neg,[M-H],202.38
Cer,Cer 34:0;2,C34H69O3N1,574.649086,pos,[M+H],256.18
Cer,Cer 34:0;2,C34H69O3N1,596.63103,pos,[M+Na],252.11
Cer,Cer 34:0;2,C34H69O3N1,618.640013,neg,[M+HCOO],255.48
Cer,Cer 34:1;2,C34H67N1O3,572.633436,pos,[M+H],254.13
Cer,Cer 34:1;2,C34H67N1O3,594.61538,pos,[M+Na],250.18
Cer,Cer 34:1;3,C34H67O4N1,588.62835,pos,[M+H],257.07
Cer,Cer 34:1;3,C34H67O4N1,610.610295,pos,[M+Na],254.16
Cer,Cer 34:1;3,C34H67O4N1,632.619277,neg,[M+HCOO],257.66
Cer,Cer 34:2;2,C34H65O3N1,570.617786,pos,[M+H],252.91
Cer,Cer 34:2;2,C34H65O3N1,592.59973,pos,[M+Na],248.5
Cer,Cer 34:2;2,C34H65O3N1,614.608713,neg,[M+HCOO],252.23
Cer,Cer 34:2;3,C34H65O4N1,586.6127,pos,[M+H],254.39
Cer,Cer 34:2;3,C34H65O4N1,608.594645,pos,[M+Na],251.22
Cer,Cer 34:2;3,C34H65O4N1,630.603627,neg,[M+HCOO],256.09
Cer,Cer 36:0;2,C36H73O3N1,604.687096,pos,[M+H],262.6
Cer,Cer 36:0;2,C36H73O3N1,626.66904,pos,[M+Na],257.74
Cer,Cer 36:0;2,C36H73O3N1,648.678022,neg,[M+HCOO],262.16
Cer,Cer 36:0;3,C36H73O4N1,620.68201,pos,[M+H],265.73
Cer,Cer 36:0;3,C36H73O4N1,642.663955,pos,[M+Na],260.67
Cer,Cer 36:0;3,C36H73O4N1,664.672937,neg,[M+HCOO],264.04
Cer,Cer 36:1;2,C36H71N1O3,602.671446,pos,[M+H],260.9
Cer,Cer 36:1;2,C36H71N1O3,624.65339,pos,[M+Na],256.84
Cer,Cer 36:1;2,C36H71N1O3,646.662372,neg,[M+HCOO],260.16
Cer,Cer 36:1;3,C36H71N1O4,618.66636,pos,[M+H],263.69
Cer,Cer 36:1;3,C36H71N1O4,640.648305,pos,[M+Na],260
Cer,Cer 36:1;3,C36H71N1O4,662.657287,neg,[M+HCOO],263.07
Cer,Cer 36:2;2,C36H69O3N1,600.655795,pos,[M+H],260.41
Cer,Cer 36:2;2,C36H69O3N1,622.63774,pos,[M+Na],255.7
Cer,Cer 36:2;2,C36H69O3N1,644.646722,neg,[M+HCOO],259.73
Cer,Cer 36:2;3,C36H69O4N1,616.65071,pos,[M+H],261.38
Cer,Cer 36:2;3,C36H69O4N1,638.632655,pos,[M+Na],257.6
Cer,Cer 36:2;3,C36H69O4N1,660.641637,neg,[M+HCOO],261.99
Cer,Cer 44:0;4,C44H89O5N1,756.828964,pos,[M+H],291.68
Cer,Cer 44:0;4,C44H89O5N1,778.810909,pos,[M+Na],291.91
Cer,Cer 44:0;4,C44H89O5N1,800.819891,neg,[M+HCOO],291.58
Co,Co Q8,C49H74O4,793.756924,pos,[M+NH4],278.76
Co,Co Q8,C49H74O4,798.712319,pos,[M+Na],276.41
DG,DG 32:1,C35H66O5,619.64227,pos,[M+NH4],255.7
DG,DG 32:1,C35H66O5,624.597665,pos,[M+Na],253.59
DG,DG 32:2,C35H64O5,617.62662,pos,[M+NH4],252.49
DG,DG 32:2,C35H64O5,622.582015,pos,[M+Na],250.56
DG,DG 33:2,C36H66O5,632.645625,pos,[M+NH4],255.57
DG,DG 33:2,C36H66O5,637.60102,pos,[M+Na],255.13
DG,DG 34:1,C37H70O5,649.68028,pos,[M+NH4],262.34
DG,DG 34:1,C37H70O5,654.635675,pos,[M+Na],260.24
DG,DG 34:2,C37H68O5,647.66463,pos,[M+NH4],258.95
DG,DG 34:2,C37H68O5,652.620025,pos,[M+Na],257.84
DG,DG 34:3 - 1,C37H66O5,645.64898,pos,[M+NH4],253.77
DG,DG 34:3 - 1,C37H66O5,650.604375,pos,[M+Na],254.18
DG,DG 34:3 - 2,C37H66O5,645.64898,pos,[M+NH4],255.92
DG,DG 34:3 - 2,C37H66O5,650.604375,pos,[M+Na],255.12
DG,DG 34:4,C37H64O5,643.63333,pos,[M+NH4],251.1
DG,DG 34:4,C37H64O5,648.588725,pos,[M+Na],251.87
DG,DG 35:1,C38H72O5,664.699285,pos,[M+NH4],265.45
DG,DG 35:1,C38H72O5,669.65468,pos,[M+Na],263.7
DG,DG 35:2,C38H70O5,662.683635,pos,[M+NH4],262.06
DG,DG 35:2,C38H70O5,667.63903,pos,[M+Na],260.32
DG,DG 35:3,C38H68O5,660.667985,pos,[M+NH4],257.32
DG,DG 35:3,C38H68O5,665.62338,pos,[M+Na],257.82
DG,DG 35:4,C38H66O5,658.652335,pos,[M+NH4],255.19
DG,DG 35:4,C38H66O5,663.60773,pos,[M+Na],255.33
DG,DG 36:1,C39H74O5,679.71829,pos,[M+NH4],268.81
DG,DG 36:1,C39H74O5,684.673685,pos,[M+Na],266.9
DG,DG 36:2,C39H72O5,677.70264,pos,[M+NH4],265.96
DG,DG 36:2,C39H72O5,682.658035,pos,[M+Na],264.23
DG,DG 36:3,C39H70O5,675.68699,pos,[M+NH4],261.5
DG,DG 36:3,C39H70O5,680.642385,pos,[M+Na],261.92
DG,DG 36:4,C39H68O5,673.67134,pos,[M+NH4],258.48
DG,DG 36:4,C39H68O5,678.626735,pos,[M+Na],258.98
DG,DG 36:5,C39H66O5,671.65569,pos,[M+NH4],254.82
DG,DG 36:5,C39H66O5,676.611085,pos,[M+Na],255.77
DG,DG 36:6,C39H64O5,669.64004,pos,[M+NH4],252.42
DG,DG 36:6,C39H64O5,674.595435,pos,[M+Na],253.28
HexCer,HexCer 34:2;3,C40H75O9N1,754.685653,pos,[M+H],282.28
HexCer,HexCer 34:2;3,C40H75O9N1,776.667598,pos,[M+Na],281.36
HexCer,HexCer 36:1;3,C42H81O9N1,808.721257,pos,[M+Na],288.85
HexCer,HexCer 36:1;3,C42H81O9N1,830.73024,neg,[M+HCOO],290.71
HexCer,HexCer 36:2;3 - 1,C42H79O9N1,784.723663,pos,[M+H],288.19
HexCer,HexCer 36:2;3 - 1,C42H79O9N1,806.705607,pos,[M+Na],287.08
HexCer,HexCer 36:2;3 - 1,C42H79O9N1,828.714589,neg,[M+HCOO],289.28
HexCer,HexCer 36:2;3 - 2,C42H79O9N1,828.714589,neg,[M+HCOO],289.72
HexCer,HexCer 37:2;3,C43H81O9N1,799.742668,pos,[M+H],290.69
HexCer,HexCer 37:2;3,C43H81O9N1,821.724612,pos,[M+Na],289.3
HexCer,HexCer 37:2;3,C43H81O9N1,843.733594,neg,[M+HCOO],292.4
LPC,LPC 16:0,C24H50N1O7P1,520.420282,pos,[M+H],229.55
LPC,LPC 16:1,C24H48O7N1P1,518.404632,pos,[M+H],224.98
LPC,LPC 18:0,C26H54N1O7P1,550.458292,pos,[M+H],236.99
LPC,LPC 18:1,C26H52N1O7P1,548.442642,pos,[M+H],232.22
LPC,LPC 18:1,C26H52N1O7P1,592.433569,neg,[M+HCOO],242.57
LPC,LPC 18:2,C26H50N1O7P1,546.426992,pos,[M+H],228.02
LPC,LPC 18:2,C26H50N1O7P1,568.408937,pos,[M+Na],232.83
LPC,LPC 18:2,C26H50N1O7P1,590.417919,neg,[M+HCOO],238.82
LPC,LPC 18:3,C26H48N1O7P1,544.411342,pos,[M+H],223.99
LPC,LPC 18:3,C26H48N1O7P1,566.393287,pos,[M+Na],228.64
LPC,LPC 18:3,C26H48N1O7P1,588.402269,neg,[M+HCOO],237.7
LPE,LPE 18:1,C23H46O7N1P1,501.371075,neg,[M-H],215.35
LPE,LPE 18:2,C23H44O7N1P1,501.369977,pos,[M+H],212.62
LPE,LPE 18:2,C23H44O7N1P1,499.355425,neg,[M-H],212.49
LPE,LPE 18:3,C23H42O7N1P1,497.339775,neg,[M-H],211.61
PA,PA 34:1,C37H71O8P1,729.646611,pos,[M+NH4],272.28
PA,PA 34:1,C37H71O8P1,734.602006,pos,[M+Na],268.8
PA,PA 34:1,C37H71O8P1,710.60551,neg,[M-H],259.23
PA,PA 34:2,C37H69O8P1,727.630961,pos,[M+NH4],269.26
PA,PA 34:2,C37H69O8P1,732.586356,pos,[M+Na],267.18
PA,PA 34:2,C37H69O8P1,708.589859,neg,[M-H],258.17
PA,PA 34:3,C37H67O8P1,725.615311,pos,[M+NH4],265.98
PA,PA 34:3,C37H67O8P1,706.574209,neg,[M-H],257.02
PA,PA 35:2,C38H71O8P1,742.649966,pos,[M+NH4],272.03
PA,PA 35:2,C38H71O8P1,723.608864,neg,[M-H],261.69
PA,PA 36:1,C39H75O8P1,759.684621,pos,[M+NH4],278.59
PA,PA 36:1,C39H75O8P1,764.640016,pos,[M+Na],277.15
PA,PA 36:1,C39H75O8P1,740.643519,neg,[M-H],266.43
PA,PA 36:2,C39H73O8P1,757.668971,pos,[M+NH4],276.42
PA,PA 36:2,C39H73O8P1,762.624366,pos,[M+Na],274.85
PA,PA 36:2,C39H73O8P1,738.627869,neg,[M-H],264.29
PA,PA 36:3,C39H71O8P1,755.653321,pos,[M+NH4],271.47
PA,PA 36:3,C39H71O8P1,760.608716,pos,[M+Na],271.6
PA,PA 36:3,C39H71O8P1,736.612219,neg,[M-H],262.3
PA,PA 36:4,C39H69O8P1,753.637671,pos,[M+NH4],269.06
PA,PA 36:4,C39H69O8P1,734.596569,neg,[M-H],261.19
PA,PA 36:5,C39H67O8P1,751.622021,pos,[M+NH4],266.14
PA,PA 36:5,C39H67O8P1,732.580919,neg,[M-H],259.38
PC,PC 32:1,C40H78N1O8P1,772.687975,pos,[M+H],281.21
PC,PC 32:1,C40H78N1O8P1,794.66992,pos,[M+Na],283.32
PC,PC 32:1,C40H78N1O8P1,816.678902,neg,[M+HCOO],285.89
PC,PC 32:2,C40H76N1O8P1,770.672325,pos,[M+H],278.1
PC,PC 32:2,C40H76N1O8P1,792.65427,pos,[M+Na],281.26
PC,PC 32:2,C40H76N1O8P1,814.663252,neg,[M+HCOO],284.34
PC,PC 32:3,C40H74N1O8P1,768.656675,pos,[M+H],274.9
PC,PC 32:3,C40H74N1O8P1,790.63862,pos,[M+Na],277.55
PC,PC 32:3,C40H74N1O8P1,812.647602,neg,[M+HCOO],283.57
PC,PC 32:4,C40H72N1O8P1,766.641025,pos,[M+H],272.77
PC,PC 32:4,C40H72N1O8P1,788.62297,pos,[M+Na],275.52
PC,PC 32:5,C40H70N1O8P1,764.625375,pos,[M+H],268.89
PC,PC 33:1,C41H80N1O8P1,787.70698,pos,[M+H],284.06
PC,PC 33:1,C41H80N1O8P1,809.688925,pos,[M+Na],285.92
PC,PC 33:1,C41H80N1O8P1,831.697907,neg,[M+HCOO],288.68
PC,PC 33:2,C41H78N1O8P1,785.69133,pos,[M+H],281.22
PC,PC 33:2,C41H78N1O8P1,807.673275,pos,[M+Na],283.67
PC,PC 33:2,C41H78N1O8P1,829.682257,neg,[M+HCOO],287.17
PC,PC 33:3,C41H76N1O8P1,783.67568,pos,[M+H],278.55
PC,PC 33:3,C41H76N1O8P1,805.657625,pos,[M+Na],281.11
PC,PC 33:3,C41H76N1O8P1,827.666607,neg,[M+HCOO],285.72
PC,PC 33:4,C41H74N1O8P1,781.66003,pos,[M+H],275.62
PC,PC 33:4,C41H74N1O8P1,803.641975,pos,[M+Na],278.17
PC,PC 33:4,C41H74N1O8P1,825.650957,neg,[M+HCOO],283.85
PC,PC 33:5,C41H72N1O8P1,779.64438,pos,[M+H],273.16
PC,PC 34:1,C42H82N1O8P1,802.725985,pos,[M+H],287.1
PC,PC 34:1,C42H82N1O8P1,846.716912,neg,[M+HCOO],291.5
PC,PC 34:2,C42H80N1O8P1,800.710335,pos,[M+H],284.25
PC,PC 34:2,C42H80N1O8P1,822.69228,pos,[M+Na],287.33
PC,PC 34:2,C42H80N1O8P1,844.701262,neg,[M+HCOO],289.72
PC,PC 34:3,C42H78N1O8P1,798.694685,pos,[M+H],281.77
PC,PC 34:3,C42H78N1O8P1,820.67663,pos,[M+Na],284.67
PC,PC 34:3,C42H78N1O8P1,842.685612,neg,[M+HCOO],288.04
PC,PC 34:4,C42H76N1O8P1,796.679035,pos,[M+H],279.1
PC,PC 34:4,C42H76N1O8P1,818.66098,pos,[M+Na],281.91
PC,PC 34:4,C42H76N1O8P1,840.669962,neg,[M+HCOO],286.62
PC,PC 34:5,C42H74N1O8P1,794.663385,pos,[M+H],275.99
PC,PC 34:5,C42H74N1O8P1,816.64533,pos,[M+Na],278.54
PC,PC 34:5,C42H74N1O8P1,838.654312,neg,[M+HCOO],285.21
PC,PC 34:6,C42H72N1O8P1,792.647735,pos,[M+H],274.21
PC,PC 34:6,C42H72N1O8P1,814.629679,pos,[M+Na],275.29
PC,PC 34:6,C42H72N1O8P1,836.638662,neg,[M+HCOO],283.97
PC,PC 35:1,C43H84N1O8P1,817.74499,pos,[M+H],290.58
PC,PC 35:2,C43H82N1O8P1,815.72934,pos,[M+H],288.18
PC,PC 35:2,C43H82N1O8P1,837.711285,pos,[M+Na],290.19
PC,PC 35:2,C43H82N1O8P1,859.720267,neg,[M+HCOO],292.11
PC,PC 35:3,C43H80N1O8P1,813.71369,pos,[M+H],285.42
PC,PC 35:3,C43H80N1O8P1,835.695635,pos,[M+Na],288.42
PC,PC 35:3,C43H80N1O8P1,857.704617,neg,[M+HCOO],290.45
PC,PC 35:4,C43H78N1O8P1,811.69804,pos,[M+H],282.58
PC,PC 35:4,C43H78N1O8P1,833.679984,pos,[M+Na],285.4
PC,PC 35:4,C43H78N1O8P1,855.688967,neg,[M+HCOO],289.84
PC,PC 35:5,C43H76N1O8P1,809.68239,pos,[M+H],279.74
PC,PC 35:5,C43H76N1O8P1,831.664334,pos,[M+Na],282.11
PC,PC 35:5,C43H76N1O8P1,853.673317,neg,[M+HCOO],289.02
PC,PC 35:6,C43H74N1O8P1,807.66674,pos,[M+H],276.44
PC,PC 35:6,C43H74N1O8P1,829.648684,pos,[M+Na],279.05
PC,PC 35:6,C43H74N1O8P1,851.657667,neg,[M+HCOO],286.79
PC,PC 36:1,C44H86N1O8P1,832.763995,pos,[M+H],293.52
PC,PC 36:1,C44H86N1O8P1,854.74594,pos,[M+Na],295.58
PC,PC 36:1,C44H86N1O8P1,876.754922,neg,[M+HCOO],297.32
PC,PC 36:2,C44H84N1O8P1,830.748345,pos,[M+H],291.13
PC,PC 36:2,C44H84N1O8P1,852.73029,pos,[M+Na],293.95
PC,PC 36:2,C44H84N1O8P1,874.739272,neg,[M+HCOO],295.11
PC,PC 36:3,C44H82N1O8P1,828.732695,pos,[M+H],288.99
PC,PC 36:3,C44H82N1O8P1,850.714639,pos,[M+Na],291.55
PC,PC 36:3,C44H82N1O8P1,872.723622,neg,[M+HCOO],293.84
PC,PC 36:4,C44H80N1O8P1,826.717045,pos,[M+H],286.33
PC,PC 36:4,C44H80N1O8P1,848.698989,pos,[M+Na],289.15
PC,PC 36:4,C44H80N1O8P1,870.707972,neg,[M+HCOO],292.16
PC,PC 36:5,C44H78N1O8P1,824.701395,pos,[M+H],283.31
PC,PC 36:5,C44H78N1O8P1,846.683339,pos,[M+Na],286.4
PC,PC 36:5,C44H78N1O8P1,868.692322,neg,[M+HCOO],290.48
PC,PC 36:6,C44H76N1O8P1,822.685745,pos,[M+H],280.29
PC,PC 36:6,C44H76N1O8P1,844.667689,pos,[M+Na],282.93
PC,PC 36:6,C44H76N1O8P1,866.676671,neg,[M+HCOO],289.6
PC,PC 37:2,C45H86O8N1P1,845.76735,pos,[M+H],294.52
PC,PC 37:3,C45H84O8N1P1,843.7517,pos,[M+H],292.03
PC,PC 37:4,C45H82O8N1P1,841.73605,pos,[M+H],289.01
PC,PC 38:3,C46H86N1O8P1,858.770705,pos,[M+H],294.8
PC,PC 38:3,C46H86N1O8P1,880.752649,pos,[M+Na],296.8
PC,PC 38:4,C46H84O8N1P1,856.755055,pos,[M+H],292.22
PC,PC 38:4,C46H84O8N1P1,878.736999,pos,[M+Na],294.7
PC,PC 38:4,C46H84O8N1P1,900.745981,neg,[M+HCOO],298.54
PC,PC 38:5,C46H82O8N1P1,854.739404,pos,[M+H],289.65
PC,PC 38:5,C46H82O8N1P1,876.721349,pos,[M+Na],291.17
PC,PC 38:5,C46H82O8N1P1,898.730331,neg,[M+HCOO],296.98
PC,PC 38:6,C46H80N1O8P1,852.723754,pos,[M+H],286.72
PC,PC 38:6,C46H80N1O8P1,874.705699,pos,[M+Na],288.72
PE,PE 32:1,C37H72O8N1P1,727.630961,pos,[M+H],268.82
PE,PE 32:1,C37H72O8N1P1,749.612905,pos,[M+Na],273.68
PE,PE 32:1,C37H72O8N1P1,725.616409,neg,[M-H],261.3
PE,PE 33:1,C38H74O8N1P1,742.649965,pos,[M+H],272.03
PE,PE 33:1,C38H74O8N1P1,764.63191,pos,[M+Na],276.79
PE,PE 33:1,C38H74O8N1P1,740.635413,neg,[M-H],264.77
PE,PE 33:2,C38H72O8N1P1,740.634315,pos,[M+H],269.49
PE,PE 33:2,C38H72O8N1P1,762.61626,pos,[M+Na],274.49
PE,PE 33:2,C38H72O8N1P1,738.619763,neg,[M-H],262.26
PE,PE 34:1,C39H76N1O8P1,757.66897,pos,[M+H],275.14
PE,PE 34:1,C39H76N1O8P1,779.650915,pos,[M+Na],281.08
PE,PE 34:1,C39H76N1O8P1,755.654418,neg,[M-H],267.24
PE,PE 34:2,C39H74N1O8P1,755.65332,pos,[M+H],273.28
PE,PE 34:2,C39H74N1O8P1,777.635265,pos,[M+Na],277.25
PE,PE 34:2,C39H74N1O8P1,753.638768,neg,[M-H],266.18
PE,PE 34:3 - 1,C39H72N1O8P1,753.63767,pos,[M+H],268.92
PE,PE 34:3 - 1,C39H72N1O8P1,775.619615,pos,[M+Na],274.02
PE,PE 34:3 - 1,C39H72N1O8P1,751.623118,neg,[M-H],264.32
PE,PE 34:3 - 2,C39H72N1O8P1,753.63767,pos,[M+H],270.26
PE,PE 34:3 - 2,C39H72N1O8P1,775.619615,pos,[M+Na],275.5
PE,PE 34:3 - 2,C39H72N1O8P1,751.623118,neg,[M-H],264.1
PE,PE 34:4,C39H70O8N1P1,751.62202,pos,[M+H],266.12
PE,PE 34:4,C39H70O8N1P1,773.603965,pos,[M+Na],273.08
PE,PE 34:4,C39H70O8N1P1,749.607468,neg,[M-H],262.85
PE,PE 35:1,C40H78O8N1P1,772.687975,pos,[M+H],279.19
PE,PE 35:1,C40H78O8N1P1,770.673423,neg,[M-H],270.45
PE,PE 35:2 - 1,C40H76O8N1P1,770.672325,pos,[M+H],277.56
PE,PE 35:2 - 1,C40H76O8N1P1,792.65427,pos,[M+Na],279.21
PE,PE 35:2 - 1,C40H76O8N1P1,768.657773,neg,[M-H],268.67
PE,PE 35:2 - 2,C40H76O8N1P1,770.672325,pos,[M+H],275.69
PE,PE 35:2 - 2,C40H76O8N1P1,792.65427,pos,[M+Na],281.56
PE,PE 35:2 - 2,C40H76O8N1P1,768.657773,neg,[M-H],268.58
PE,PE 35:3,C40H74O8N1P1,768.656675,pos,[M+H],272.75
PE,PE 35:3,C40H74O8N1P1,790.63862,pos,[M+Na],277.89
PE,PE 35:3,C40H74O8N1P1,766.642123,neg,[M-H],267.12
PE,PE 35:4,C40H72O8N1P1,766.641025,pos,[M+H],269.9
PE,PE 35:4,C40H72O8N1P1,764.626473,neg,[M-H],265.64
PE,PE 35:5,C40H70O8N1P1,764.625375,pos,[M+H],267.23
PE,PE 35:5,C40H70O8N1P1,762.610823,neg,[M-H],264.25
PE,PE 36:1,C41H80N1O8P1,787.70698,pos,[M+H],281.74
PE,PE 36:1,C41H80N1O8P1,809.688925,pos,[M+Na],287.44
PE,PE 36:1,C41H80N1O8P1,785.692428,neg,[M-H],274.59
PE,PE 36:2,C41H78N1O8P1,785.69133,pos,[M+H],279.61
PE,PE 36:2,C41H78N1O8P1,807.673275,pos,[M+Na],284.83
PE,PE 36:2,C41H78N1O8P1,783.676778,neg,[M-H],272.24
PE,PE 36:3,C41H76N1O8P1,783.67568,pos,[M+H],276.41
PE,PE 36:3,C41H76N1O8P1,805.657625,pos,[M+Na],281.64
PE,PE 36:3,C41H76N1O8P1,781.661128,neg,[M-H],269.94
PE,PE 36:4,C41H74N1O8P1,781.66003,pos,[M+H],273.75
PE,PE 36:4,C41H74N1O8P1,803.641975,pos,[M+Na],278.08
PE,PE 36:4,C41H74N1O8P1,779.645478,neg,[M-H],268.34
PE,PE 36:5,C41H72N1O8P1,779.64438,pos,[M+H],270.9
PE,PE 36:5,C41H72N1O8P1,801.626325,pos,[M+Na],274.52
PE,PE 36:5,C41H72N1O8P1,777.629828,neg,[M-H],266.84
PE,PE 36:6,C41H70N1O8P1,777.62873,pos,[M+H],267.35
PE,PE 36:6,C41H70N1O8P1,799.610675,pos,[M+Na],271.49
PE,PE 36:6,C41H70N1O8P1,775.614178,neg,[M-H],266.06
PG,PG 34:1,C40H77O10P1,806.693455,pos,[M+NH4],286.72
PG,PG 34:1,C40H77O10P1,787.652354,neg,[M-H],274.18
PG,PG 34:2,C40H75O10P1,804.677805,pos,[M+NH4],283.96
PG,PG 34:2,C40H75O10P1,785.636703,neg,[M-H],272.5
PI,PI 34:1,C43H81O13P1,897.719564,pos,[M+NH4],297.59
PI,PI 34:1,C43H81O13P1,902.674959,pos,[M+Na],294.11
PI,PI 34:1,C43H81O13P1,878.678462,neg,[M-H],288.36
PI,PI 34:2,C43H79O13P1,895.703914,pos,[M+NH4],294.26
PI,PI 34:2,C43H79O13P1,900.659309,pos,[M+Na],292.09
PI,PI 34:2,C43H79O13P1,876.662812,neg,[M-H],286.88
PI,PI 36:1,C45H85O13P1,908.716472,neg,[M-H],294.13
PI,PI 36:2,C45H83O13P1,925.741923,pos,[M+NH4],300.04
PI,PI 36:2,C45H83O13P1,930.697318,pos,[M+Na],297.65
PI,PI 36:2,C45H83O13P1,906.700822,neg,[M-H],293.37
PI,PI 36:3,C45H81O13P1,923.726273,pos,[M+NH4],298.87
PI,PI 36:3,C45H81O13P1,904.685172,neg,[M-H],291.43
PS,PS 34:1,C40H76N1O10P1,802.662154,pos,[M+H],281.92
PS,PS 34:1,C40H76N1O10P1,824.644099,pos,[M+Na],281.36
PS,PS 34:1,C40H76N1O10P1,800.647602,neg,[M-H],276.96
PS,PS 34:2,C40H74N1O10P1,800.646504,pos,[M+H],278.81
PS,PS 34:2,C40H74N1O10P1,822.628449,pos,[M+Na],280.65
PS,PS 34:2,C40H74N1O10P1,798.631952,neg,[M-H],275.81
PS,PS 34:3,C40H72N1O10P1,796.616302,neg,[M-H],275.08
PS,PS 36:1,C42H80O10N1P1,832.700164,pos,[M+H],287.75
PS,PS 36:1,C42H80O10N1P1,854.682109,pos,[M+Na],288.53
PS,PS 36:1,C42H80O10N1P1,830.685612,neg,[M-H],283.47
PS,PS 36:2,C42H78N1O10P1,830.684514,pos,[M+H],284.34
PS,PS 36:2,C42H78N1O10P1,852.666459,pos,[M+Na],287.73
PS,PS 36:2,C42H78N1O10P1,828.669962,neg,[M-H],281.48
PS,PS 36:3,C42H76N1O10P1,828.668864,pos,[M+H],282.33
PS,PS 36:3,C42H76N1O10P1,850.650809,pos,[M+Na],283.9
PS,PS 36:3,C42H76N1O10P1,826.654312,neg,[M-H],280.71
PS,PS 36:4,C42H74O10N1P1,826.653214,pos,[M+H],278.77
PS,PS 36:4,C42H74O10N1P1,848.635159,pos,[M+Na],283.51
PS,PS 36:4,C42H74O10N1P1,824.638662,neg,[M-H],279.15
PS,PS 36:5,C42H72O10N1P1,822.623012,neg,[M-H],276.83
SPH,SPH 18:0;3,C18H39O3N1,336.360657,pos,[M+H],195.54
SPH,SPH 18:1;2,C18H37O2N1,318.350093,pos,[M+H],189.39
TG,TG 48:2,C51H94O6,871.909963,pos,[M+NH4],308.44
TG,TG 48:2,C51H94O6,876.865358,pos,[M+Na],306.82
TG,TG 48:3,C51H92O6,869.894313,pos,[M+NH4],304.95
TG,TG 48:3,C51H92O6,874.849708,pos,[M+Na],304.94
TG,TG 48:4,C51H90O6,867.878663,pos,[M+NH4],303.61
TG,TG 48:4,C51H90O6,872.834058,pos,[M+Na],303.13
TG,TG 50:1,C53H100O6,903.963623,pos,[M+NH4],316.81
TG,TG 50:2,C53H98O6,901.947973,pos,[M+NH4],314.98
TG,TG 50:2,C53H98O6,906.903368,pos,[M+Na],313.89
TG,TG 50:3,C53H96O6,899.932323,pos,[M+NH4],311.78
TG,TG 50:3,C53H96O6,904.887718,pos,[M+Na],311.04
TG,TG 50:4,C53H94O6,897.916673,pos,[M+NH4],309.75
TG,TG 50:4,C53H94O6,902.872068,pos,[M+Na],309.89
TG,TG 50:5,C53H92O6,895.901023,pos,[M+NH4],308.06
TG,TG 50:5,C53H92O6,900.856418,pos,[M+Na],308.21
TG,TG 50:6,C53H90O6,893.885373,pos,[M+NH4],305.84
TG,TG 50:6,C53H90O6,898.840768,pos,[M+Na],305.46
TG,TG 51:2,C54H100O6,916.966978,pos,[M+NH4],317.75
TG,TG 51:2,C54H100O6,921.922373,pos,[M+Na],316.75
TG,TG 51:3,C54H98O6,914.951328,pos,[M+NH4],315.53
TG,TG 51:3,C54H98O6,919.906723,pos,[M+Na],314.77
TG,TG 51:4,C54H96O6,912.935678,pos,[M+NH4],313.2
TG,TG 51:4,C54H96O6,917.891073,pos,[M+Na],312.95
TG,TG 51:5,C54H94O6,910.920028,pos,[M+NH4],311.54
TG,TG 51:5,C54H94O6,915.875423,pos,[M+Na],310.08
TG,TG 52:1,C55H104O6,934.001633,pos,[M+NH4],322.86
TG,TG 52:1,C55H104O6,938.957028,pos,[M+Na],320.76
TG,TG 52:2,C55H102O6,931.985983,pos,[M+NH4],321.15
TG,TG 52:2,C55H102O6,936.941378,pos,[M+Na],320.06
TG,TG 52:3,C55H100O6,929.970333,pos,[M+NH4],318.84
TG,TG 52:3,C55H100O6,934.925728,pos,[M+Na],317.74
TG,TG 52:4,C55H98O6,927.954683,pos,[M+NH4],316.72
TG,TG 52:4,C55H98O6,932.910078,pos,[M+Na],315.62
TG,TG 52:5,C55H96O6,925.939033,pos,[M+NH4],314.41
TG,TG 52:5,C55H96O6,930.894428,pos,[M+Na],313.67
TG,TG 52:6,C55H94O6,923.923383,pos,[M+NH4],312.2
TG,TG 52:6,C55H94O6,928.878778,pos,[M+Na],311.9
TG,TG 52:7,C55H92O6,921.907733,pos,[M+NH4],310.25
TG,TG 52:7,C55H92O6,926.863128,pos,[M+Na],309.51
TG,TG 52:8,C55H90O6,919.892083,pos,[M+NH4],308.38
TG,TG 52:8,C55H90O6,924.847478,pos,[M+Na],307.98
TG,TG 53:3,C56H102O6,944.989338,pos,[M+NH4],321.84
TG,TG 53:3,C56H102O6,949.944733,pos,[M+Na],321.48
TG,TG 53:4,C56H100O6,942.973688,pos,[M+NH4],319.55
TG,TG 53:4,C56H100O6,947.929083,pos,[M+Na],318.04
TG,TG 53:5,C56H98O6,940.958038,pos,[M+NH4],317.97
TG,TG 53:5,C56H98O6,945.913433,pos,[M+Na],316.72
TG,TG 53:6,C56H96O6,938.942388,pos,[M+NH4],315.41
TG,TG 53:6,C56H96O6,943.897783,pos,[M+Na],314.99
TG,TG 53:7,C56H94O6,936.926738,pos,[M+NH4],314.26
TG,TG 53:7,C56H94O6,941.882133,pos,[M+Na],312.93
TG,TG 53:8,C56H92O6,934.911087,pos,[M+NH4],311.28
TG,TG 53:8,C56H92O6,939.866483,pos,[M+Na],310.07
TG,TG 54:2,C57H106O6,962.023993,pos,[M+NH4],327.14
TG,TG 54:2,C57H106O6,966.979388,pos,[M+Na],326.45
TG,TG 54:3,C57H104O6,960.008343,pos,[M+NH4],324.92
TG,TG 54:3,C57H104O6,964.963738,pos,[M+Na],323.74
TG,TG 54:4,C57H102O6,957.992693,pos,[M+NH4],323.06
TG,TG 54:4,C57H102O6,962.948088,pos,[M+Na],321.8
TG,TG 54:5,C57H100O6,955.977043,pos,[M+NH4],320.67
TG,TG 54:5,C57H100O6,960.932438,pos,[M+Na],320.2
TG,TG 54:6,C57H98O6,953.961393,pos,[M+NH4],318.9
TG,TG 54:6,C57H98O6,958.916788,pos,[M+Na],317.63
TG,TG 54:7,C57H96O6,951.945742,pos,[M+NH4],316.86
TG,TG 54:7,C57H96O6,956.901138,pos,[M+Na],315.95
TG,TG 54:8,C57H94O6,949.930092,pos,[M+NH4],315.09
TG,TG 54:8,C57H94O6,954.885488,pos,[M+Na],314.18
TG,TG 54:9,C57H92O6,947.914442,pos,[M+NH4],312.97
TG,TG 54:9,C57H92O6,952.869837,pos,[M+Na],312.06
